role_assignment_id,user_id,role,scope_type,scope_id,status,granted_at,granted_by_user_id,revoked_at,revoked_by_user_id
1,1,SUPERADMIN,PLATFORM,,ACTIVE,2025-05-17 18:13:00.000000 +00:00,,,
2,2,SUPERADMIN,PLATFORM,,PENDING,2025-01-10 11:09:27.000000 +00:00,,2025-08-26 10:47:46.000000 +00:00,
3,3,SUPERADMIN,PLATFORM,,ACTIVE,2025-10-28 05:47:06.000000 +00:00,,,
4,4,SUPERADMIN,PLATFORM,,ACTIVE,2025-02-27 17:36:39.000000 +00:00,,,
5,5,SUPERADMIN,PLATFORM,,DISABLED,2025-09-06 08:44:16.000000 +00:00,,2025-11-14 08:55:45.000000 +00:00,
6,6,SUPERADMIN,PLATFORM,,ACTIVE,2025-02-13 20:48:40.000000 +00:00,,,
7,7,SUPERADMIN,PLATFORM,,ACTIVE,2025-04-20 21:07:56.000000 +00:00,,,
8,8,SUPERADMIN,PLATFORM,,DISABLED,2025-08-25 11:00:11.000000 +00:00,,2026-03-03 20:45:00.000000 +00:00,
9,9,SUPERADMIN,PLATFORM,,ACTIVE,2026-01-04 13:54:06.000000 +00:00,,,
10,10,SUPERADMIN,PLATFORM,,ACTIVE,2025-06-21 19:08:26.000000 +00:00,,,
11,11,PLATFORM_IT_ADMIN,PLATFORM,,DISABLED,2025-02-22 23:16:21.000000 +00:00,,2025-09-21 10:48:23.000000 +00:00,
12,12,PLATFORM_IT_ADMIN,PLATFORM,,ACTIVE,2025-12-16 04:12:46.000000 +00:00,,,
13,13,PLATFORM_IT_ADMIN,PLATFORM,,PENDING,2025-10-03 02:51:39.000000 +00:00,,2026-02-03 11:06:23.000000 +00:00,
14,14,PLATFORM_IT_ADMIN,PLATFORM,,ACTIVE,2025-02-06 21:52:11.000000 +00:00,,,
15,15,PLATFORM_IT_ADMIN,PLATFORM,,ACTIVE,2026-03-01 18:33:34.000000 +00:00,,,
16,16,SUPERADMIN,PLATFORM,,ACTIVE,2025-09-10 15:56:00.000000 +00:00,,,
17,17,SUPERADMIN,PLATFORM,,ACTIVE,2026-02-23 12:55:04.000000 +00:00,,,
18,18,SUPERADMIN,PLATFORM,,ACTIVE,2025-02-23 00:32:29.000000 +00:00,,,
19,19,SUPERADMIN,PLATFORM,,ACTIVE,2026-01-24 00:01:16.000000 +00:00,,,
20,20,SUPERADMIN,PLATFORM,,ACTIVE,2025-06-10 19:44:42.000000 +00:00,,,
21,21,SUPERADMIN,PLATFORM,,ACTIVE,2025-12-06 20:36:10.000000 +00:00,,,
22,22,SUPERADMIN,PLATFORM,,ACTIVE,2025-02-14 06:42:53.000000 +00:00,,,
23,23,SUPERADMIN,PLATFORM,,ACTIVE,2025-07-31 18:26:49.000000 +00:00,,,
24,24,SUPERADMIN,PLATFORM,,ACTIVE,2025-05-30 17:30:55.000000 +00:00,,,
25,25,SUPERADMIN,PLATFORM,,ACTIVE,2025-07-11 07:56:53.000000 +00:00,,,
26,26,SUPERADMIN,PLATFORM,,ACTIVE,2025-04-28 23:27:09.000000 +00:00,,,
27,27,SUPERADMIN,PLATFORM,,ACTIVE,2025-12-31 23:37:16.000000 +00:00,,,
28,28,SUPERADMIN,PLATFORM,,ACTIVE,2025-03-15 22:32:27.000000 +00:00,,,
29,29,SUPERADMIN,PLATFORM,,ACTIVE,2025-04-12 00:19:09.000000 +00:00,,,
30,30,SUPERADMIN,PLATFORM,,ACTIVE,2025-08-08 08:04:21.000000 +00:00,,,
31,31,SUPERADMIN,PLATFORM,,ACTIVE,2025-04-15 14:45:39.000000 +00:00,,,
32,32,SUPERADMIN,PLATFORM,,ACTIVE,2025-01-29 06:23:31.000000 +00:00,,,
33,33,SUPERADMIN,PLATFORM,,ACTIVE,2025-04-19 03:01:08.000000 +00:00,,,
34,34,SUPERADMIN,PLATFORM,,DISABLED,2025-07-09 17:28:35.000000 +00:00,,2025-09-15 15:27:19.000000 +00:00,
35,35,SUPERADMIN,PLATFORM,,ACTIVE,2025-04-22 14:50:55.000000 +00:00,,,
36,36,SUPERADMIN,PLATFORM,,ACTIVE,2025-09-22 08:57:52.000000 +00:00,,,
37,37,SUPERADMIN,PLATFORM,,ACTIVE,2025-08-19 12:01:21.000000 +00:00,,,
38,38,SUPERADMIN,PLATFORM,,ACTIVE,2025-05-16 07:20:59.000000 +00:00,,,
39,39,SUPERADMIN,PLATFORM,,ACTIVE,2025-02-22 01:22:32.000000 +00:00,,,
40,40,SUPERADMIN,PLATFORM,,ACTIVE,2026-02-18 07:35:52.000000 +00:00,,,
41,41,SUPERADMIN,PLATFORM,,ACTIVE,2025-11-07 03:39:31.000000 +00:00,,,
42,42,SUPERADMIN,PLATFORM,,ACTIVE,2025-06-10 23:08:03.000000 +00:00,,,
43,43,SUPERADMIN,PLATFORM,,DISABLED,2025-01-27 18:22:32.000000 +00:00,,2026-02-24 11:51:29.000000 +00:00,
44,44,SUPERADMIN,PLATFORM,,ACTIVE,2025-05-23 13:27:40.000000 +00:00,,,
45,45,SUPERADMIN,PLATFORM,,ACTIVE,2026-01-14 22:28:32.000000 +00:00,,,
46,46,SUPERADMIN,PLATFORM,,DISABLED,2026-03-06 02:03:59.000000 +00:00,,2026-03-06 02:03:59.000000 +00:00,
47,47,SUPERADMIN,PLATFORM,,ACTIVE,2025-10-19 03:06:32.000000 +00:00,,,
48,48,SUPERADMIN,PLATFORM,,ACTIVE,2026-01-21 05:33:45.000000 +00:00,,,
49,49,SUPERADMIN,PLATFORM,,ACTIVE,2025-11-24 03:56:38.000000 +00:00,,,
50,50,SUPERADMIN,PLATFORM,,ACTIVE,2025-11-09 09:33:27.000000 +00:00,,,
51,51,SUPERADMIN,PLATFORM,,ACTIVE,2025-08-29 13:50:46.000000 +00:00,,,
52,52,SUPERADMIN,PLATFORM,,DISABLED,2025-11-15 19:46:05.000000 +00:00,,2025-11-15 19:46:05.000000 +00:00,
53,53,SUPERADMIN,PLATFORM,,ACTIVE,2025-12-24 05:20:20.000000 +00:00,,,
54,54,SUPERADMIN,PLATFORM,,ACTIVE,2025-12-31 02:14:05.000000 +00:00,,,
55,55,SUPERADMIN,PLATFORM,,ACTIVE,2025-11-05 20:17:58.000000 +00:00,,,
56,56,SUPERADMIN,PLATFORM,,ACTIVE,2025-03-21 14:21:40.000000 +00:00,,,
57,57,SUPERADMIN,PLATFORM,,DISABLED,2025-02-04 04:19:31.000000 +00:00,,2025-05-13 06:55:12.000000 +00:00,
58,58,SUPERADMIN,PLATFORM,,ACTIVE,2025-02-16 16:15:33.000000 +00:00,,,
59,59,SUPERADMIN,PLATFORM,,ACTIVE,2025-01-24 13:59:23.000000 +00:00,,,
60,60,SUPERADMIN,PLATFORM,,ACTIVE,2025-07-23 16:17:15.000000 +00:00,,,
61,61,SUPERADMIN,PLATFORM,,ACTIVE,2025-01-15 03:00:04.000000 +00:00,,,
62,62,SUPERADMIN,PLATFORM,,ACTIVE,2025-10-27 18:22:17.000000 +00:00,,,
63,63,SUPERADMIN,PLATFORM,,ACTIVE,2025-07-08 08:18:20.000000 +00:00,,,
64,64,SUPERADMIN,PLATFORM,,PENDING,2026-03-26 22:37:10.000000 +00:00,,2026-03-26 22:37:10.000000 +00:00,
65,65,SUPERADMIN,PLATFORM,,ACTIVE,2025-04-09 11:22:43.000000 +00:00,,,
66,66,SUPERADMIN,PLATFORM,,ACTIVE,2025-12-25 04:44:30.000000 +00:00,,,
67,67,SUPERADMIN,PLATFORM,,ACTIVE,2026-03-27 22:53:18.000000 +00:00,,,
68,68,SUPERADMIN,PLATFORM,,ACTIVE,2025-09-17 15:30:28.000000 +00:00,,,
69,69,SUPERADMIN,PLATFORM,,ACTIVE,2025-01-21 23:37:32.000000 +00:00,,,
70,70,SUPERADMIN,PLATFORM,,ACTIVE,2025-07-31 07:46:31.000000 +00:00,,,
71,71,SUPERADMIN,PLATFORM,,ACTIVE,2025-02-17 22:25:40.000000 +00:00,,,
72,72,SUPERADMIN,PLATFORM,,ACTIVE,2025-12-18 23:09:06.000000 +00:00,,,
73,73,SUPERADMIN,PLATFORM,,ACTIVE,2025-12-24 00:56:49.000000 +00:00,,,
74,74,SUPERADMIN,PLATFORM,,ACTIVE,2025-07-06 03:32:30.000000 +00:00,,,
75,75,SUPERADMIN,PLATFORM,,ACTIVE,2026-01-06 03:05:14.000000 +00:00,,,
76,76,SUPERADMIN,PLATFORM,,ACTIVE,2025-03-23 01:07:36.000000 +00:00,,,
77,77,SUPERADMIN,PLATFORM,,ACTIVE,2025-09-30 14:05:55.000000 +00:00,,,
78,78,SUPERADMIN,PLATFORM,,ACTIVE,2025-05-23 05:18:36.000000 +00:00,,,
79,79,SUPERADMIN,PLATFORM,,ACTIVE,2025-09-26 18:21:37.000000 +00:00,,,
80,80,SUPERADMIN,PLATFORM,,DISABLED,2026-02-24 15:39:03.000000 +00:00,,2026-03-18 15:05:08.000000 +00:00,
81,81,SUPERADMIN,PLATFORM,,ACTIVE,2025-06-09 14:20:30.000000 +00:00,,,
82,82,SUPERADMIN,PLATFORM,,ACTIVE,2025-06-02 08:19:17.000000 +00:00,,,
83,83,SUPERADMIN,PLATFORM,,ACTIVE,2025-02-01 13:33:56.000000 +00:00,,,
84,84,SUPERADMIN,PLATFORM,,ACTIVE,2025-05-02 16:40:39.000000 +00:00,,,
85,85,SUPERADMIN,PLATFORM,,ACTIVE,2025-12-16 18:05:14.000000 +00:00,,,
86,86,SUPERADMIN,PLATFORM,,DISABLED,2025-08-03 05:55:22.000000 +00:00,,2025-08-03 05:55:22.000000 +00:00,
87,87,SUPERADMIN,PLATFORM,,ACTIVE,2025-11-30 10:16:08.000000 +00:00,,,
88,88,SUPERADMIN,PLATFORM,,ACTIVE,2025-03-16 11:26:34.000000 +00:00,,,
89,89,SUPERADMIN,PLATFORM,,ACTIVE,2025-12-31 13:47:49.000000 +00:00,,,
90,90,SUPERADMIN,PLATFORM,,ACTIVE,2025-04-30 23:44:20.000000 +00:00,,,
91,91,SUPERADMIN,PLATFORM,,ACTIVE,2025-02-05 23:51:28.000000 +00:00,,,
92,92,SUPERADMIN,PLATFORM,,ACTIVE,2025-12-31 06:23:35.000000 +00:00,,,
93,93,SUPERADMIN,PLATFORM,,ACTIVE,2025-01-25 23:35:02.000000 +00:00,,,
94,94,SUPERADMIN,PLATFORM,,ACTIVE,2025-02-23 00:33:36.000000 +00:00,,,
95,95,SUPERADMIN,PLATFORM,,PENDING,2025-11-14 08:15:13.000000 +00:00,,2025-11-14 08:15:13.000000 +00:00,
96,96,SUPERADMIN,PLATFORM,,ACTIVE,2025-12-20 10:30:16.000000 +00:00,,,
97,97,SUPERADMIN,PLATFORM,,ACTIVE,2025-05-25 21:11:54.000000 +00:00,,,
98,98,SUPERADMIN,PLATFORM,,ACTIVE,2025-07-01 02:48:55.000000 +00:00,,,
99,99,SUPERADMIN,PLATFORM,,ACTIVE,2026-02-01 14:36:21.000000 +00:00,,,
100,100,SUPERADMIN,PLATFORM,,ACTIVE,2025-06-26 07:31:31.000000 +00:00,,,
101,101,KINDERGARTEN_ADMIN,KINDERGARTEN,1,ACTIVE,2025-06-05 20:28:41.000000 +00:00,,,
102,102,TEACHER,KINDERGARTEN,1,ACTIVE,2025-06-22 09:09:45.000000 +00:00,101,,
103,103,TEACHER,KINDERGARTEN,1,ACTIVE,2025-12-09 14:14:58.000000 +00:00,101,,
104,104,TEACHER,KINDERGARTEN,1,ACTIVE,2025-06-14 15:57:11.000000 +00:00,101,,
105,105,TEACHER,KINDERGARTEN,1,ACTIVE,2025-02-08 16:03:13.000000 +00:00,101,,
106,106,TEACHER,KINDERGARTEN,1,PENDING,2025-04-18 20:36:43.000000 +00:00,101,2025-04-18 20:36:43.000000 +00:00,101
107,107,TEACHER,KINDERGARTEN,1,ACTIVE,2025-12-19 16:10:32.000000 +00:00,101,,
108,108,TEACHER,KINDERGARTEN,1,ACTIVE,2026-01-14 21:18:10.000000 +00:00,101,,
109,109,TEACHER,KINDERGARTEN,1,ACTIVE,2025-07-01 09:52:03.000000 +00:00,101,,
110,110,TEACHER,KINDERGARTEN,1,ACTIVE,2025-12-26 16:36:35.000000 +00:00,101,,
111,111,TEACHER,KINDERGARTEN,1,PENDING,2025-11-03 23:06:15.000000 +00:00,101,2025-11-03 23:06:15.000000 +00:00,101
112,112,TEACHER,KINDERGARTEN,1,ACTIVE,2025-02-24 10:08:35.000000 +00:00,101,,
113,113,TEACHER,KINDERGARTEN,1,ACTIVE,2025-08-06 15:15:17.000000 +00:00,101,,
114,114,TEACHER,KINDERGARTEN,1,ACTIVE,2025-09-08 12:10:41.000000 +00:00,101,,
115,115,TEACHER,KINDERGARTEN,1,ACTIVE,2026-01-21 03:38:47.000000 +00:00,101,,
116,116,TEACHER,KINDERGARTEN,1,ACTIVE,2025-05-05 10:29:40.000000 +00:00,101,,
117,117,TEACHER,KINDERGARTEN,1,ACTIVE,2025-11-20 03:58:37.000000 +00:00,101,,
118,118,TEACHER,KINDERGARTEN,1,ACTIVE,2025-01-06 21:43:35.000000 +00:00,101,,
119,119,TEACHER,KINDERGARTEN,1,ACTIVE,2026-01-30 20:09:03.000000 +00:00,101,,
120,120,TEACHER,KINDERGARTEN,1,ACTIVE,2025-05-17 14:56:30.000000 +00:00,101,,
121,121,GUARDIAN,KINDERGARTEN,1,PENDING,2025-08-23 02:43:23.000000 +00:00,101,2025-08-23 02:43:23.000000 +00:00,101
122,122,GUARDIAN,KINDERGARTEN,1,ACTIVE,2025-05-29 22:33:42.000000 +00:00,101,,
123,123,GUARDIAN,KINDERGARTEN,1,ACTIVE,2026-01-03 00:41:05.000000 +00:00,101,,
124,124,GUARDIAN,KINDERGARTEN,1,DISABLED,2026-01-23 23:02:05.000000 +00:00,101,2026-01-23 23:02:05.000000 +00:00,101
125,125,GUARDIAN,KINDERGARTEN,1,ACTIVE,2025-08-17 17:51:31.000000 +00:00,101,,
126,126,GUARDIAN,KINDERGARTEN,1,ACTIVE,2025-05-14 07:36:44.000000 +00:00,101,,
127,127,GUARDIAN,KINDERGARTEN,1,ACTIVE,2025-02-17 05:32:11.000000 +00:00,101,,
128,128,GUARDIAN,KINDERGARTEN,1,ACTIVE,2025-07-20 08:58:49.000000 +00:00,101,,
129,129,GUARDIAN,KINDERGARTEN,1,ACTIVE,2025-04-25 02:07:53.000000 +00:00,101,,
130,130,GUARDIAN,KINDERGARTEN,1,ACTIVE,2025-04-27 19:49:15.000000 +00:00,101,,
131,131,GUARDIAN,KINDERGARTEN,1,ACTIVE,2026-01-05 15:23:09.000000 +00:00,101,,
132,132,GUARDIAN,KINDERGARTEN,1,ACTIVE,2025-01-13 11:17:03.000000 +00:00,101,,
133,133,GUARDIAN,KINDERGARTEN,1,ACTIVE,2025-10-05 16:55:53.000000 +00:00,101,,
134,134,GUARDIAN,KINDERGARTEN,1,ACTIVE,2025-06-12 05:11:32.000000 +00:00,101,,
135,135,GUARDIAN,KINDERGARTEN,1,ACTIVE,2025-05-05 04:05:41.000000 +00:00,101,,
136,136,GUARDIAN,KINDERGARTEN,1,ACTIVE,2026-02-15 02:26:06.000000 +00:00,101,,
137,137,GUARDIAN,KINDERGARTEN,1,ACTIVE,2025-12-13 03:26:50.000000 +00:00,101,,
138,138,GUARDIAN,KINDERGARTEN,1,ACTIVE,2025-12-16 21:00:25.000000 +00:00,101,,
139,139,GUARDIAN,KINDERGARTEN,1,ACTIVE,2025-09-02 15:17:01.000000 +00:00,101,,
140,140,GUARDIAN,KINDERGARTEN,1,ACTIVE,2025-08-29 20:59:40.000000 +00:00,101,,
141,141,GUARDIAN,KINDERGARTEN,1,ACTIVE,2025-06-28 10:54:34.000000 +00:00,101,,
142,142,GUARDIAN,KINDERGARTEN,1,ACTIVE,2025-03-02 17:29:59.000000 +00:00,101,,
143,143,GUARDIAN,KINDERGARTEN,1,DISABLED,2025-03-09 06:55:46.000000 +00:00,101,2025-09-17 21:10:04.000000 +00:00,101
144,144,GUARDIAN,KINDERGARTEN,1,ACTIVE,2025-10-08 21:30:06.000000 +00:00,101,,
145,145,GUARDIAN,KINDERGARTEN,1,ACTIVE,2025-01-10 13:31:40.000000 +00:00,101,,
146,146,GUARDIAN,KINDERGARTEN,1,ACTIVE,2026-01-14 00:28:15.000000 +00:00,101,,
147,147,GUARDIAN,KINDERGARTEN,1,ACTIVE,2025-08-04 04:39:45.000000 +00:00,101,,
148,148,GUARDIAN,KINDERGARTEN,1,ACTIVE,2025-12-20 17:15:06.000000 +00:00,101,,
149,149,GUARDIAN,KINDERGARTEN,1,ACTIVE,2025-01-05 03:13:06.000000 +00:00,101,,
150,150,GUARDIAN,KINDERGARTEN,1,ACTIVE,2025-09-09 09:06:04.000000 +00:00,101,,
151,151,GUARDIAN,KINDERGARTEN,1,ACTIVE,2026-03-08 20:24:14.000000 +00:00,101,,
152,152,GUARDIAN,KINDERGARTEN,1,ACTIVE,2025-05-17 22:28:05.000000 +00:00,101,,
153,153,GUARDIAN,KINDERGARTEN,1,PENDING,2025-08-30 13:07:34.000000 +00:00,101,2025-11-02 09:58:51.000000 +00:00,101
154,154,GUARDIAN,KINDERGARTEN,1,ACTIVE,2025-02-10 16:53:58.000000 +00:00,101,,
155,155,GUARDIAN,KINDERGARTEN,1,ACTIVE,2025-12-04 12:19:43.000000 +00:00,101,,
156,156,GUARDIAN,KINDERGARTEN,1,ACTIVE,2025-05-11 00:59:11.000000 +00:00,101,,
157,157,GUARDIAN,KINDERGARTEN,1,PENDING,2026-02-07 19:52:26.000000 +00:00,101,2026-02-07 19:52:26.000000 +00:00,101
158,158,GUARDIAN,KINDERGARTEN,1,ACTIVE,2025-07-30 07:54:39.000000 +00:00,101,,
159,159,GUARDIAN,KINDERGARTEN,1,DISABLED,2025-12-20 08:00:00.000000 +00:00,101,2025-12-20 08:00:00.000000 +00:00,101
160,160,GUARDIAN,KINDERGARTEN,1,ACTIVE,2025-08-10 12:01:31.000000 +00:00,101,,
161,161,GUARDIAN,KINDERGARTEN,1,ACTIVE,2025-11-02 14:20:02.000000 +00:00,101,,
162,162,GUARDIAN,KINDERGARTEN,1,ACTIVE,2026-01-31 04:50:33.000000 +00:00,101,,
163,163,GUARDIAN,KINDERGARTEN,1,ACTIVE,2025-08-06 16:05:31.000000 +00:00,101,,
164,164,GUARDIAN,KINDERGARTEN,1,ACTIVE,2026-03-01 02:21:50.000000 +00:00,101,,
165,165,GUARDIAN,KINDERGARTEN,1,ACTIVE,2025-05-30 00:56:59.000000 +00:00,101,,
166,166,GUARDIAN,KINDERGARTEN,1,ACTIVE,2026-03-27 13:08:42.000000 +00:00,101,,
167,167,GUARDIAN,KINDERGARTEN,1,DISABLED,2026-03-01 19:34:18.000000 +00:00,101,2026-03-01 19:34:18.000000 +00:00,101
168,168,GUARDIAN,KINDERGARTEN,1,ACTIVE,2025-04-03 22:38:32.000000 +00:00,101,,
169,169,GUARDIAN,KINDERGARTEN,1,ACTIVE,2025-05-12 19:07:29.000000 +00:00,101,,
170,170,GUARDIAN,KINDERGARTEN,1,ACTIVE,2025-04-06 03:14:12.000000 +00:00,101,,
171,171,GUARDIAN,KINDERGARTEN,1,ACTIVE,2026-03-24 06:50:28.000000 +00:00,101,,
172,172,GUARDIAN,KINDERGARTEN,1,ACTIVE,2026-01-31 15:47:48.000000 +00:00,101,,
173,173,GUARDIAN,KINDERGARTEN,1,ACTIVE,2025-06-25 16:42:26.000000 +00:00,101,,
174,174,GUARDIAN,KINDERGARTEN,1,ACTIVE,2025-08-29 12:04:19.000000 +00:00,101,,
175,175,GUARDIAN,KINDERGARTEN,1,ACTIVE,2026-03-16 22:43:30.000000 +00:00,101,,
176,176,GUARDIAN,KINDERGARTEN,1,ACTIVE,2026-03-16 06:28:49.000000 +00:00,101,,
177,177,GUARDIAN,KINDERGARTEN,1,DISABLED,2026-02-26 09:22:00.000000 +00:00,101,2026-02-26 09:22:00.000000 +00:00,101
178,178,GUARDIAN,KINDERGARTEN,1,DISABLED,2025-10-19 09:00:23.000000 +00:00,101,2025-11-09 14:38:09.000000 +00:00,101
179,179,GUARDIAN,KINDERGARTEN,1,ACTIVE,2025-11-28 23:25:39.000000 +00:00,101,,
180,180,GUARDIAN,KINDERGARTEN,1,ACTIVE,2026-02-14 00:14:40.000000 +00:00,101,,
181,181,GUARDIAN,KINDERGARTEN,1,DISABLED,2026-02-14 06:38:42.000000 +00:00,101,2026-02-14 06:38:42.000000 +00:00,101
182,182,GUARDIAN,KINDERGARTEN,1,PENDING,2025-04-20 06:17:42.000000 +00:00,101,2025-04-20 06:17:42.000000 +00:00,101
183,183,GUARDIAN,KINDERGARTEN,1,PENDING,2026-01-31 07:16:17.000000 +00:00,101,2026-01-31 07:16:17.000000 +00:00,101
184,184,GUARDIAN,KINDERGARTEN,1,ACTIVE,2025-11-24 17:37:46.000000 +00:00,101,,
185,185,GUARDIAN,KINDERGARTEN,1,ACTIVE,2025-12-07 05:12:27.000000 +00:00,101,,
186,186,GUARDIAN,KINDERGARTEN,1,ACTIVE,2025-12-22 17:20:14.000000 +00:00,101,,
187,187,GUARDIAN,KINDERGARTEN,1,PENDING,2025-05-13 17:33:22.000000 +00:00,101,2026-02-16 10:32:16.000000 +00:00,101
188,188,GUARDIAN,KINDERGARTEN,1,ACTIVE,2025-05-15 17:57:10.000000 +00:00,101,,
189,189,GUARDIAN,KINDERGARTEN,1,ACTIVE,2026-02-14 16:15:12.000000 +00:00,101,,
190,190,GUARDIAN,KINDERGARTEN,1,PENDING,2025-06-18 12:41:54.000000 +00:00,101,2025-06-18 12:41:54.000000 +00:00,101
191,191,GUARDIAN,KINDERGARTEN,1,ACTIVE,2025-06-24 00:20:48.000000 +00:00,101,,
192,192,GUARDIAN,KINDERGARTEN,1,DISABLED,2025-12-14 16:28:22.000000 +00:00,101,2025-12-14 16:28:22.000000 +00:00,101
193,193,GUARDIAN,KINDERGARTEN,1,ACTIVE,2025-06-04 18:15:32.000000 +00:00,101,,
194,194,GUARDIAN,KINDERGARTEN,1,ACTIVE,2025-10-02 16:39:25.000000 +00:00,101,,
195,195,GUARDIAN,KINDERGARTEN,1,ACTIVE,2025-05-19 06:24:29.000000 +00:00,101,,
196,196,GUARDIAN,KINDERGARTEN,1,ACTIVE,2025-11-23 06:51:54.000000 +00:00,101,,
197,197,GUARDIAN,KINDERGARTEN,1,ACTIVE,2025-12-25 10:20:42.000000 +00:00,101,,
198,198,GUARDIAN,KINDERGARTEN,1,ACTIVE,2025-07-05 19:31:54.000000 +00:00,101,,
199,199,GUARDIAN,KINDERGARTEN,1,ACTIVE,2025-08-17 02:33:46.000000 +00:00,101,,
200,200,GUARDIAN,KINDERGARTEN,1,ACTIVE,2026-02-02 07:29:15.000000 +00:00,101,,
201,201,GUARDIAN,KINDERGARTEN,1,ACTIVE,2026-01-09 15:49:15.000000 +00:00,101,,
202,202,GUARDIAN,KINDERGARTEN,1,ACTIVE,2025-02-01 19:55:23.000000 +00:00,101,,
203,203,GUARDIAN,KINDERGARTEN,1,ACTIVE,2025-02-22 08:53:30.000000 +00:00,101,,
204,204,GUARDIAN,KINDERGARTEN,1,ACTIVE,2025-12-30 08:25:53.000000 +00:00,101,,
205,205,GUARDIAN,KINDERGARTEN,1,PENDING,2025-11-07 02:25:30.000000 +00:00,101,2025-11-07 02:25:30.000000 +00:00,101
206,206,GUARDIAN,KINDERGARTEN,1,ACTIVE,2025-08-31 23:41:53.000000 +00:00,101,,
207,207,GUARDIAN,KINDERGARTEN,1,ACTIVE,2025-06-26 11:10:06.000000 +00:00,101,,
208,208,GUARDIAN,KINDERGARTEN,1,ACTIVE,2025-07-18 14:41:47.000000 +00:00,101,,
209,209,GUARDIAN,KINDERGARTEN,1,ACTIVE,2025-12-29 03:37:33.000000 +00:00,101,,
210,210,GUARDIAN,KINDERGARTEN,1,ACTIVE,2025-12-07 05:45:58.000000 +00:00,101,,
211,211,GUARDIAN,KINDERGARTEN,1,PENDING,2025-03-07 07:18:34.000000 +00:00,101,2025-05-28 09:07:25.000000 +00:00,101
212,212,GUARDIAN,KINDERGARTEN,1,ACTIVE,2025-04-04 17:21:07.000000 +00:00,101,,
213,213,GUARDIAN,KINDERGARTEN,1,ACTIVE,2025-11-30 23:24:27.000000 +00:00,101,,
214,214,GUARDIAN,KINDERGARTEN,1,DISABLED,2025-01-02 07:56:09.000000 +00:00,101,2026-03-20 13:11:30.000000 +00:00,101
215,215,GUARDIAN,KINDERGARTEN,1,ACTIVE,2025-09-06 12:33:52.000000 +00:00,101,,
216,216,GUARDIAN,KINDERGARTEN,1,ACTIVE,2025-12-16 04:21:02.000000 +00:00,101,,
217,217,GUARDIAN,KINDERGARTEN,1,ACTIVE,2026-03-28 08:35:05.000000 +00:00,101,,
218,218,GUARDIAN,KINDERGARTEN,1,PENDING,2025-07-02 18:17:40.000000 +00:00,101,2025-07-02 18:17:40.000000 +00:00,101
219,219,GUARDIAN,KINDERGARTEN,1,ACTIVE,2025-12-25 23:15:02.000000 +00:00,101,,
220,220,GUARDIAN,KINDERGARTEN,1,ACTIVE,2025-02-27 10:49:59.000000 +00:00,101,,
221,221,GUARDIAN,KINDERGARTEN,1,ACTIVE,2025-06-19 05:51:09.000000 +00:00,101,,
222,222,GUARDIAN,KINDERGARTEN,1,ACTIVE,2025-07-29 18:52:05.000000 +00:00,101,,
223,223,GUARDIAN,KINDERGARTEN,1,ACTIVE,2025-07-12 16:13:21.000000 +00:00,101,,
224,224,GUARDIAN,KINDERGARTEN,1,DISABLED,2025-04-02 18:02:27.000000 +00:00,101,2026-02-05 05:16:27.000000 +00:00,101
225,225,GUARDIAN,KINDERGARTEN,1,ACTIVE,2025-08-02 16:38:37.000000 +00:00,101,,
226,226,GUARDIAN,KINDERGARTEN,1,ACTIVE,2025-10-22 16:27:07.000000 +00:00,101,,
227,227,GUARDIAN,KINDERGARTEN,1,ACTIVE,2025-04-30 13:02:10.000000 +00:00,101,,
228,228,GUARDIAN,KINDERGARTEN,1,ACTIVE,2025-10-26 13:41:48.000000 +00:00,101,,
229,229,GUARDIAN,KINDERGARTEN,1,ACTIVE,2025-07-17 06:35:56.000000 +00:00,101,,
230,230,GUARDIAN,KINDERGARTEN,1,ACTIVE,2026-03-21 07:07:28.000000 +00:00,101,,
231,231,GUARDIAN,KINDERGARTEN,1,ACTIVE,2025-06-27 05:58:10.000000 +00:00,101,,
232,232,GUARDIAN,KINDERGARTEN,1,ACTIVE,2025-07-15 15:09:00.000000 +00:00,101,,
233,233,GUARDIAN,KINDERGARTEN,1,ACTIVE,2025-07-12 20:42:49.000000 +00:00,101,,
234,234,GUARDIAN,KINDERGARTEN,1,ACTIVE,2025-10-01 08:14:12.000000 +00:00,101,,
235,235,GUARDIAN,KINDERGARTEN,1,ACTIVE,2025-07-16 19:02:26.000000 +00:00,101,,
236,236,GUARDIAN,KINDERGARTEN,1,ACTIVE,2025-07-31 15:17:33.000000 +00:00,101,,
237,237,GUARDIAN,KINDERGARTEN,1,ACTIVE,2026-03-29 00:43:21.000000 +00:00,101,,
238,238,GUARDIAN,KINDERGARTEN,1,ACTIVE,2026-02-16 21:22:58.000000 +00:00,101,,
239,239,GUARDIAN,KINDERGARTEN,1,PENDING,2025-10-28 15:35:50.000000 +00:00,101,2025-10-28 15:35:50.000000 +00:00,101
240,240,GUARDIAN,KINDERGARTEN,1,ACTIVE,2026-01-10 02:39:35.000000 +00:00,101,,
241,241,GUARDIAN,KINDERGARTEN,1,ACTIVE,2025-06-04 23:39:42.000000 +00:00,101,,
242,242,GUARDIAN,KINDERGARTEN,1,ACTIVE,2025-08-13 11:53:27.000000 +00:00,101,,
243,243,GUARDIAN,KINDERGARTEN,1,ACTIVE,2025-08-11 04:22:43.000000 +00:00,101,,
244,244,GUARDIAN,KINDERGARTEN,1,ACTIVE,2025-07-14 07:39:00.000000 +00:00,101,,
245,245,GUARDIAN,KINDERGARTEN,1,ACTIVE,2025-06-30 17:03:34.000000 +00:00,101,,
246,246,GUARDIAN,KINDERGARTEN,1,PENDING,2025-05-28 06:15:34.000000 +00:00,101,2026-01-29 17:58:08.000000 +00:00,101
247,247,GUARDIAN,KINDERGARTEN,1,ACTIVE,2025-10-03 18:35:05.000000 +00:00,101,,
248,248,GUARDIAN,KINDERGARTEN,1,ACTIVE,2025-05-13 21:21:05.000000 +00:00,101,,
249,249,GUARDIAN,KINDERGARTEN,1,ACTIVE,2025-07-20 12:37:46.000000 +00:00,101,,
250,250,GUARDIAN,KINDERGARTEN,1,ACTIVE,2026-01-29 04:29:43.000000 +00:00,101,,
251,251,GUARDIAN,KINDERGARTEN,1,ACTIVE,2025-05-27 02:04:06.000000 +00:00,101,,
252,252,GUARDIAN,KINDERGARTEN,1,ACTIVE,2026-02-10 08:29:36.000000 +00:00,101,,
253,253,GUARDIAN,KINDERGARTEN,1,ACTIVE,2025-10-14 19:04:36.000000 +00:00,101,,
254,254,GUARDIAN,KINDERGARTEN,1,ACTIVE,2026-03-05 22:30:13.000000 +00:00,101,,
255,255,GUARDIAN,KINDERGARTEN,1,ACTIVE,2025-11-06 01:29:10.000000 +00:00,101,,
256,256,GUARDIAN,KINDERGARTEN,1,ACTIVE,2025-05-31 21:20:30.000000 +00:00,101,,
257,257,GUARDIAN,KINDERGARTEN,1,ACTIVE,2025-08-01 12:05:40.000000 +00:00,101,,
258,258,GUARDIAN,KINDERGARTEN,1,ACTIVE,2025-08-27 23:36:52.000000 +00:00,101,,
259,259,GUARDIAN,KINDERGARTEN,1,DISABLED,2026-01-28 22:48:47.000000 +00:00,101,2026-01-28 22:48:47.000000 +00:00,101
260,260,GUARDIAN,KINDERGARTEN,1,ACTIVE,2025-10-22 22:48:15.000000 +00:00,101,,
261,261,GUARDIAN,KINDERGARTEN,1,ACTIVE,2025-05-11 20:35:55.000000 +00:00,101,,
262,262,GUARDIAN,KINDERGARTEN,1,ACTIVE,2025-07-19 03:35:04.000000 +00:00,101,,
263,263,GUARDIAN,KINDERGARTEN,1,ACTIVE,2025-08-18 09:50:13.000000 +00:00,101,,
264,264,GUARDIAN,KINDERGARTEN,1,ACTIVE,2025-08-11 04:58:05.000000 +00:00,101,,
265,265,GUARDIAN,KINDERGARTEN,1,ACTIVE,2025-01-17 22:55:47.000000 +00:00,101,,
266,266,GUARDIAN,KINDERGARTEN,1,ACTIVE,2025-12-04 01:12:17.000000 +00:00,101,,
267,267,GUARDIAN,KINDERGARTEN,1,ACTIVE,2026-01-15 12:01:42.000000 +00:00,101,,
268,268,GUARDIAN,KINDERGARTEN,1,ACTIVE,2025-10-04 13:39:00.000000 +00:00,101,,
269,269,GUARDIAN,KINDERGARTEN,1,ACTIVE,2025-04-15 06:01:17.000000 +00:00,101,,
270,270,GUARDIAN,KINDERGARTEN,1,ACTIVE,2025-12-16 05:09:00.000000 +00:00,101,,
271,271,GUARDIAN,KINDERGARTEN,1,ACTIVE,2025-01-06 17:55:35.000000 +00:00,101,,
272,272,GUARDIAN,KINDERGARTEN,1,ACTIVE,2025-09-07 23:20:17.000000 +00:00,101,,
273,273,GUARDIAN,KINDERGARTEN,1,PENDING,2025-11-24 00:06:59.000000 +00:00,101,2025-11-24 00:06:59.000000 +00:00,101
274,274,GUARDIAN,KINDERGARTEN,1,ACTIVE,2025-01-20 02:13:28.000000 +00:00,101,,
275,275,GUARDIAN,KINDERGARTEN,1,ACTIVE,2025-01-01 01:50:37.000000 +00:00,101,,
276,276,GUARDIAN,KINDERGARTEN,1,ACTIVE,2025-07-24 10:06:20.000000 +00:00,101,,
277,277,GUARDIAN,KINDERGARTEN,1,ACTIVE,2025-03-19 02:36:43.000000 +00:00,101,,
278,278,GUARDIAN,KINDERGARTEN,1,ACTIVE,2025-10-23 12:14:09.000000 +00:00,101,,
279,279,GUARDIAN,KINDERGARTEN,1,ACTIVE,2025-05-04 20:23:57.000000 +00:00,101,,
280,280,GUARDIAN,KINDERGARTEN,1,ACTIVE,2025-07-29 14:24:50.000000 +00:00,101,,
281,281,GUARDIAN,KINDERGARTEN,1,ACTIVE,2026-03-12 00:10:20.000000 +00:00,101,,
282,282,GUARDIAN,KINDERGARTEN,1,ACTIVE,2025-03-18 16:04:07.000000 +00:00,101,,
283,283,GUARDIAN,KINDERGARTEN,1,ACTIVE,2025-02-14 00:28:24.000000 +00:00,101,,
284,284,GUARDIAN,KINDERGARTEN,1,ACTIVE,2025-12-11 12:36:57.000000 +00:00,101,,
285,285,GUARDIAN,KINDERGARTEN,1,ACTIVE,2025-05-18 11:43:57.000000 +00:00,101,,
286,286,GUARDIAN,KINDERGARTEN,1,ACTIVE,2026-02-13 00:09:18.000000 +00:00,101,,
287,287,GUARDIAN,KINDERGARTEN,1,ACTIVE,2025-02-08 19:58:53.000000 +00:00,101,,
288,288,GUARDIAN,KINDERGARTEN,1,DISABLED,2026-03-12 18:13:38.000000 +00:00,101,2026-03-12 18:13:38.000000 +00:00,101
289,289,GUARDIAN,KINDERGARTEN,1,ACTIVE,2025-02-17 06:15:52.000000 +00:00,101,,
290,290,GUARDIAN,KINDERGARTEN,1,ACTIVE,2026-02-04 12:54:07.000000 +00:00,101,,
291,291,GUARDIAN,KINDERGARTEN,1,PENDING,2025-11-09 23:00:20.000000 +00:00,101,2025-12-05 13:45:41.000000 +00:00,101
292,292,GUARDIAN,KINDERGARTEN,1,DISABLED,2025-02-03 00:46:05.000000 +00:00,101,2025-02-03 00:46:05.000000 +00:00,101
293,293,GUARDIAN,KINDERGARTEN,1,PENDING,2025-04-19 03:14:45.000000 +00:00,101,2026-01-31 07:15:05.000000 +00:00,101
294,294,GUARDIAN,KINDERGARTEN,1,ACTIVE,2026-01-31 08:11:53.000000 +00:00,101,,
295,295,GUARDIAN,KINDERGARTEN,1,PENDING,2025-07-22 06:12:30.000000 +00:00,101,2025-07-22 06:12:30.000000 +00:00,101
296,296,GUARDIAN,KINDERGARTEN,1,ACTIVE,2025-11-01 04:38:21.000000 +00:00,101,,
297,297,GUARDIAN,KINDERGARTEN,1,ACTIVE,2025-06-24 21:14:23.000000 +00:00,101,,
298,298,GUARDIAN,KINDERGARTEN,1,ACTIVE,2026-01-22 10:30:08.000000 +00:00,101,,
299,299,GUARDIAN,KINDERGARTEN,1,ACTIVE,2025-11-06 12:09:39.000000 +00:00,101,,
300,300,GUARDIAN,KINDERGARTEN,1,ACTIVE,2025-03-14 23:48:18.000000 +00:00,101,,
301,301,GUARDIAN,KINDERGARTEN,1,ACTIVE,2025-04-09 08:23:34.000000 +00:00,101,,
302,302,GUARDIAN,KINDERGARTEN,1,DISABLED,2025-08-17 04:59:20.000000 +00:00,101,2025-08-17 04:59:20.000000 +00:00,101
303,303,GUARDIAN,KINDERGARTEN,1,ACTIVE,2025-04-19 21:52:52.000000 +00:00,101,,
304,304,GUARDIAN,KINDERGARTEN,1,ACTIVE,2025-11-08 09:55:08.000000 +00:00,101,,
305,305,GUARDIAN,KINDERGARTEN,1,ACTIVE,2025-01-10 13:43:42.000000 +00:00,101,,
306,306,GUARDIAN,KINDERGARTEN,1,ACTIVE,2025-05-27 09:36:05.000000 +00:00,101,,
307,307,GUARDIAN,KINDERGARTEN,1,DISABLED,2025-09-03 04:50:17.000000 +00:00,101,2025-09-03 04:50:17.000000 +00:00,101
308,308,GUARDIAN,KINDERGARTEN,1,DISABLED,2025-05-23 04:45:05.000000 +00:00,101,2025-09-05 09:38:55.000000 +00:00,101
309,309,GUARDIAN,KINDERGARTEN,1,PENDING,2025-03-01 09:33:28.000000 +00:00,101,2025-12-05 09:39:54.000000 +00:00,101
310,310,GUARDIAN,KINDERGARTEN,1,ACTIVE,2025-09-11 09:26:31.000000 +00:00,101,,
311,311,GUARDIAN,KINDERGARTEN,1,ACTIVE,2025-06-11 07:35:17.000000 +00:00,101,,
312,312,GUARDIAN,KINDERGARTEN,1,ACTIVE,2025-04-19 00:55:43.000000 +00:00,101,,
313,313,GUARDIAN,KINDERGARTEN,1,ACTIVE,2025-03-30 05:14:11.000000 +00:00,101,,
314,314,GUARDIAN,KINDERGARTEN,1,DISABLED,2025-07-30 14:15:40.000000 +00:00,101,2025-09-30 10:50:59.000000 +00:00,101
315,315,GUARDIAN,KINDERGARTEN,1,ACTIVE,2025-09-25 04:55:50.000000 +00:00,101,,
316,316,GUARDIAN,KINDERGARTEN,1,ACTIVE,2025-07-05 08:07:25.000000 +00:00,101,,
317,317,GUARDIAN,KINDERGARTEN,1,ACTIVE,2025-05-31 01:54:19.000000 +00:00,101,,
318,318,GUARDIAN,KINDERGARTEN,1,ACTIVE,2025-07-25 19:06:27.000000 +00:00,101,,
319,319,GUARDIAN,KINDERGARTEN,1,PENDING,2025-06-29 02:31:29.000000 +00:00,101,2025-09-20 12:48:05.000000 +00:00,101
320,320,GUARDIAN,KINDERGARTEN,1,ACTIVE,2025-06-24 22:45:09.000000 +00:00,101,,
321,321,GUARDIAN,KINDERGARTEN,1,ACTIVE,2025-10-22 14:06:52.000000 +00:00,101,,
322,322,GUARDIAN,KINDERGARTEN,1,ACTIVE,2026-03-29 12:28:18.000000 +00:00,101,,
323,323,GUARDIAN,KINDERGARTEN,1,ACTIVE,2025-08-01 11:22:13.000000 +00:00,101,,
324,324,GUARDIAN,KINDERGARTEN,1,ACTIVE,2025-03-23 18:36:37.000000 +00:00,101,,
325,325,GUARDIAN,KINDERGARTEN,1,ACTIVE,2026-01-16 15:24:02.000000 +00:00,101,,
326,326,GUARDIAN,KINDERGARTEN,1,DISABLED,2025-01-09 05:58:02.000000 +00:00,101,2025-11-13 04:29:45.000000 +00:00,101
327,327,GUARDIAN,KINDERGARTEN,1,ACTIVE,2025-06-20 19:41:42.000000 +00:00,101,,
328,328,GUARDIAN,KINDERGARTEN,1,ACTIVE,2025-10-24 23:48:45.000000 +00:00,101,,
329,329,GUARDIAN,KINDERGARTEN,1,DISABLED,2025-01-06 14:10:20.000000 +00:00,101,2025-09-17 23:18:35.000000 +00:00,101
330,330,GUARDIAN,KINDERGARTEN,1,ACTIVE,2025-09-26 16:39:22.000000 +00:00,101,,
331,331,GUARDIAN,KINDERGARTEN,1,ACTIVE,2026-03-13 15:14:13.000000 +00:00,101,,
332,332,GUARDIAN,KINDERGARTEN,1,DISABLED,2025-01-23 18:04:48.000000 +00:00,101,2025-04-21 10:43:29.000000 +00:00,101
333,333,GUARDIAN,KINDERGARTEN,1,ACTIVE,2026-03-21 15:37:09.000000 +00:00,101,,
334,334,GUARDIAN,KINDERGARTEN,1,ACTIVE,2025-01-10 10:45:07.000000 +00:00,101,,
335,335,GUARDIAN,KINDERGARTEN,1,ACTIVE,2026-03-09 18:28:05.000000 +00:00,101,,
336,336,GUARDIAN,KINDERGARTEN,1,ACTIVE,2025-03-03 23:51:25.000000 +00:00,101,,
337,337,GUARDIAN,KINDERGARTEN,1,ACTIVE,2025-07-14 01:42:42.000000 +00:00,101,,
338,338,GUARDIAN,KINDERGARTEN,1,ACTIVE,2025-12-10 01:38:47.000000 +00:00,101,,
339,339,GUARDIAN,KINDERGARTEN,1,ACTIVE,2025-08-26 06:49:53.000000 +00:00,101,,
340,340,GUARDIAN,KINDERGARTEN,1,ACTIVE,2025-08-26 09:32:07.000000 +00:00,101,,
341,341,GUARDIAN,KINDERGARTEN,1,PENDING,2026-01-29 13:41:00.000000 +00:00,101,2026-01-29 13:41:00.000000 +00:00,101
342,342,GUARDIAN,KINDERGARTEN,1,ACTIVE,2025-09-02 00:46:29.000000 +00:00,101,,
343,343,GUARDIAN,KINDERGARTEN,1,ACTIVE,2025-03-18 00:37:21.000000 +00:00,101,,
344,344,GUARDIAN,KINDERGARTEN,1,ACTIVE,2025-06-15 19:26:48.000000 +00:00,101,,
345,345,GUARDIAN,KINDERGARTEN,1,ACTIVE,2026-01-25 16:15:18.000000 +00:00,101,,
346,346,GUARDIAN,KINDERGARTEN,1,ACTIVE,2025-05-24 05:05:32.000000 +00:00,101,,
347,347,GUARDIAN,KINDERGARTEN,1,ACTIVE,2025-09-04 14:27:04.000000 +00:00,101,,
348,348,GUARDIAN,KINDERGARTEN,1,DISABLED,2026-01-26 23:40:13.000000 +00:00,101,2026-01-26 23:40:13.000000 +00:00,101
349,349,GUARDIAN,KINDERGARTEN,1,ACTIVE,2026-03-16 05:12:36.000000 +00:00,101,,
350,350,GUARDIAN,KINDERGARTEN,1,ACTIVE,2025-10-24 01:28:31.000000 +00:00,101,,
351,351,GUARDIAN,KINDERGARTEN,1,ACTIVE,2025-12-19 10:03:30.000000 +00:00,101,,
352,352,GUARDIAN,KINDERGARTEN,1,PENDING,2025-08-04 01:01:11.000000 +00:00,101,2025-08-04 01:01:11.000000 +00:00,101
353,353,GUARDIAN,KINDERGARTEN,1,ACTIVE,2025-06-21 04:19:26.000000 +00:00,101,,
354,354,GUARDIAN,KINDERGARTEN,1,ACTIVE,2025-03-06 10:33:11.000000 +00:00,101,,
355,355,GUARDIAN,KINDERGARTEN,1,ACTIVE,2025-05-22 20:26:39.000000 +00:00,101,,
356,356,GUARDIAN,KINDERGARTEN,1,ACTIVE,2026-03-17 18:52:16.000000 +00:00,101,,
357,357,GUARDIAN,KINDERGARTEN,1,ACTIVE,2025-01-29 09:04:40.000000 +00:00,101,,
358,358,GUARDIAN,KINDERGARTEN,1,ACTIVE,2025-05-14 01:07:02.000000 +00:00,101,,
359,359,GUARDIAN,KINDERGARTEN,1,ACTIVE,2025-05-27 09:10:57.000000 +00:00,101,,
360,360,GUARDIAN,KINDERGARTEN,1,ACTIVE,2026-02-08 13:38:33.000000 +00:00,101,,
361,361,GUARDIAN,KINDERGARTEN,1,ACTIVE,2025-07-30 07:42:17.000000 +00:00,101,,
362,362,GUARDIAN,KINDERGARTEN,1,ACTIVE,2025-06-10 16:29:43.000000 +00:00,101,,
363,363,GUARDIAN,KINDERGARTEN,1,DISABLED,2025-06-20 03:37:59.000000 +00:00,101,2025-12-15 02:47:08.000000 +00:00,101
364,364,GUARDIAN,KINDERGARTEN,1,ACTIVE,2025-08-13 22:20:08.000000 +00:00,101,,
365,365,GUARDIAN,KINDERGARTEN,1,ACTIVE,2025-01-01 03:50:56.000000 +00:00,101,,
366,366,GUARDIAN,KINDERGARTEN,1,ACTIVE,2025-02-21 15:38:51.000000 +00:00,101,,
367,367,GUARDIAN,KINDERGARTEN,1,ACTIVE,2025-08-01 01:32:09.000000 +00:00,101,,
368,368,GUARDIAN,KINDERGARTEN,1,ACTIVE,2025-07-15 05:53:04.000000 +00:00,101,,
369,369,GUARDIAN,KINDERGARTEN,1,PENDING,2025-03-10 23:39:21.000000 +00:00,101,2025-07-25 14:12:56.000000 +00:00,101
370,370,GUARDIAN,KINDERGARTEN,1,ACTIVE,2025-04-20 18:04:23.000000 +00:00,101,,
371,371,GUARDIAN,KINDERGARTEN,1,ACTIVE,2026-02-26 05:47:14.000000 +00:00,101,,
372,372,GUARDIAN,KINDERGARTEN,1,ACTIVE,2025-06-22 10:56:47.000000 +00:00,101,,
373,373,GUARDIAN,KINDERGARTEN,1,ACTIVE,2025-06-26 17:59:34.000000 +00:00,101,,
374,374,GUARDIAN,KINDERGARTEN,1,DISABLED,2025-05-28 06:58:39.000000 +00:00,101,2025-10-02 01:23:26.000000 +00:00,101
375,375,GUARDIAN,KINDERGARTEN,1,ACTIVE,2025-02-12 12:58:10.000000 +00:00,101,,
376,376,GUARDIAN,KINDERGARTEN,1,ACTIVE,2026-02-19 06:37:32.000000 +00:00,101,,
377,377,GUARDIAN,KINDERGARTEN,1,ACTIVE,2025-11-12 15:23:21.000000 +00:00,101,,
378,378,GUARDIAN,KINDERGARTEN,1,ACTIVE,2026-03-01 13:38:06.000000 +00:00,101,,
379,379,GUARDIAN,KINDERGARTEN,1,ACTIVE,2025-01-03 02:05:12.000000 +00:00,101,,
380,380,GUARDIAN,KINDERGARTEN,1,ACTIVE,2026-01-11 22:36:39.000000 +00:00,101,,
381,381,GUARDIAN,KINDERGARTEN,1,ACTIVE,2025-08-17 08:12:53.000000 +00:00,101,,
382,382,GUARDIAN,KINDERGARTEN,1,ACTIVE,2025-08-01 16:53:58.000000 +00:00,101,,
383,383,GUARDIAN,KINDERGARTEN,1,ACTIVE,2025-04-20 02:52:12.000000 +00:00,101,,
384,384,GUARDIAN,KINDERGARTEN,1,ACTIVE,2025-03-18 21:33:02.000000 +00:00,101,,
385,385,GUARDIAN,KINDERGARTEN,1,PENDING,2025-08-12 15:00:03.000000 +00:00,101,2025-08-12 15:00:03.000000 +00:00,101
386,386,GUARDIAN,KINDERGARTEN,1,ACTIVE,2025-03-20 12:36:04.000000 +00:00,101,,
387,387,GUARDIAN,KINDERGARTEN,1,PENDING,2025-03-22 07:02:07.000000 +00:00,101,2026-03-07 16:06:20.000000 +00:00,101
388,388,GUARDIAN,KINDERGARTEN,1,ACTIVE,2026-01-07 22:07:09.000000 +00:00,101,,
389,389,GUARDIAN,KINDERGARTEN,1,ACTIVE,2026-01-22 22:50:57.000000 +00:00,101,,
390,390,GUARDIAN,KINDERGARTEN,1,ACTIVE,2025-02-10 21:26:38.000000 +00:00,101,,
391,391,GUARDIAN,KINDERGARTEN,1,ACTIVE,2025-01-01 04:30:21.000000 +00:00,101,,
392,392,GUARDIAN,KINDERGARTEN,1,ACTIVE,2025-12-29 13:55:32.000000 +00:00,101,,
393,393,GUARDIAN,KINDERGARTEN,1,ACTIVE,2025-06-20 06:52:53.000000 +00:00,101,,
394,394,GUARDIAN,KINDERGARTEN,1,PENDING,2025-09-15 08:03:54.000000 +00:00,101,2025-09-15 08:03:54.000000 +00:00,101
395,395,GUARDIAN,KINDERGARTEN,1,PENDING,2025-03-14 01:39:44.000000 +00:00,101,2025-11-09 15:22:26.000000 +00:00,101
396,396,GUARDIAN,KINDERGARTEN,1,ACTIVE,2025-06-26 17:36:34.000000 +00:00,101,,
397,397,GUARDIAN,KINDERGARTEN,1,DISABLED,2025-03-25 06:41:19.000000 +00:00,101,2025-10-15 05:18:00.000000 +00:00,101
398,398,GUARDIAN,KINDERGARTEN,1,ACTIVE,2025-06-04 08:47:20.000000 +00:00,101,,
399,399,GUARDIAN,KINDERGARTEN,1,PENDING,2025-08-25 11:43:57.000000 +00:00,101,2025-08-25 11:43:57.000000 +00:00,101
400,400,TEACHER,KINDERGARTEN,1,ACTIVE,2025-06-25 08:54:30.000000 +00:00,101,,
401,401,KINDERGARTEN_ADMIN,KINDERGARTEN,2,ACTIVE,2025-03-18 09:46:01.000000 +00:00,,2026-01-06 08:06:13.000000 +00:00,401
402,402,TEACHER,KINDERGARTEN,2,ACTIVE,2025-03-10 07:31:38.000000 +00:00,401,,
403,403,TEACHER,KINDERGARTEN,2,ACTIVE,2025-05-22 02:05:57.000000 +00:00,401,,
404,404,TEACHER,KINDERGARTEN,2,DISABLED,2025-05-10 11:44:37.000000 +00:00,401,2026-01-05 05:37:46.000000 +00:00,401
405,405,TEACHER,KINDERGARTEN,2,ACTIVE,2025-05-25 12:24:42.000000 +00:00,401,,
406,406,TEACHER,KINDERGARTEN,2,ACTIVE,2025-08-19 01:22:28.000000 +00:00,401,,
407,407,TEACHER,KINDERGARTEN,2,PENDING,2025-01-23 12:35:38.000000 +00:00,401,2026-03-08 14:15:42.000000 +00:00,401
408,408,TEACHER,KINDERGARTEN,2,PENDING,2026-01-13 17:25:24.000000 +00:00,401,2026-01-13 17:25:24.000000 +00:00,401
409,409,TEACHER,KINDERGARTEN,2,PENDING,2025-10-17 22:28:30.000000 +00:00,401,2025-10-17 22:28:30.000000 +00:00,401
410,410,TEACHER,KINDERGARTEN,2,DISABLED,2025-08-18 18:18:17.000000 +00:00,401,2025-09-13 11:50:55.000000 +00:00,401
411,411,TEACHER,KINDERGARTEN,2,PENDING,2025-11-06 14:42:30.000000 +00:00,401,2026-03-12 00:15:00.000000 +00:00,401
412,412,TEACHER,KINDERGARTEN,2,ACTIVE,2025-01-18 12:49:39.000000 +00:00,401,,
413,413,TEACHER,KINDERGARTEN,2,ACTIVE,2025-04-27 01:51:38.000000 +00:00,401,,
414,414,TEACHER,KINDERGARTEN,2,ACTIVE,2025-10-02 16:51:52.000000 +00:00,401,,
415,415,TEACHER,KINDERGARTEN,2,ACTIVE,2026-03-24 06:48:37.000000 +00:00,401,,
416,416,TEACHER,KINDERGARTEN,2,DISABLED,2025-02-28 05:29:04.000000 +00:00,401,2026-03-30 01:20:47.000000 +00:00,401
417,417,TEACHER,KINDERGARTEN,2,ACTIVE,2025-08-23 19:57:37.000000 +00:00,401,,
418,418,TEACHER,KINDERGARTEN,2,ACTIVE,2026-02-19 22:53:10.000000 +00:00,401,,
419,419,TEACHER,KINDERGARTEN,2,ACTIVE,2025-01-12 00:09:40.000000 +00:00,401,,
420,420,TEACHER,KINDERGARTEN,2,ACTIVE,2025-10-31 08:53:40.000000 +00:00,401,,
421,421,GUARDIAN,KINDERGARTEN,2,DISABLED,2025-01-14 21:09:51.000000 +00:00,401,2026-01-06 06:01:10.000000 +00:00,401
422,422,GUARDIAN,KINDERGARTEN,2,ACTIVE,2026-01-17 07:14:55.000000 +00:00,401,,
423,423,GUARDIAN,KINDERGARTEN,2,PENDING,2025-05-12 05:55:04.000000 +00:00,401,2025-10-13 18:27:17.000000 +00:00,401
424,424,GUARDIAN,KINDERGARTEN,2,ACTIVE,2025-01-02 00:59:07.000000 +00:00,401,,
425,425,GUARDIAN,KINDERGARTEN,2,ACTIVE,2025-01-03 20:55:25.000000 +00:00,401,,
426,426,GUARDIAN,KINDERGARTEN,2,ACTIVE,2025-08-31 10:27:20.000000 +00:00,401,,
427,427,GUARDIAN,KINDERGARTEN,2,ACTIVE,2025-02-15 08:13:13.000000 +00:00,401,,
428,428,GUARDIAN,KINDERGARTEN,2,ACTIVE,2025-04-19 20:24:19.000000 +00:00,401,,
429,429,GUARDIAN,KINDERGARTEN,2,ACTIVE,2026-03-03 18:53:29.000000 +00:00,401,,
430,430,GUARDIAN,KINDERGARTEN,2,ACTIVE,2025-02-27 13:47:05.000000 +00:00,401,,
431,431,GUARDIAN,KINDERGARTEN,2,ACTIVE,2026-02-02 16:14:15.000000 +00:00,401,,
432,432,GUARDIAN,KINDERGARTEN,2,ACTIVE,2025-10-29 02:54:12.000000 +00:00,401,,
433,433,GUARDIAN,KINDERGARTEN,2,PENDING,2025-09-23 15:37:53.000000 +00:00,401,2025-09-23 15:37:53.000000 +00:00,401
434,434,GUARDIAN,KINDERGARTEN,2,DISABLED,2025-11-21 19:05:32.000000 +00:00,401,2026-02-27 09:11:34.000000 +00:00,401
435,435,GUARDIAN,KINDERGARTEN,2,PENDING,2025-04-20 01:32:37.000000 +00:00,401,2026-03-10 06:38:34.000000 +00:00,401
436,436,GUARDIAN,KINDERGARTEN,2,ACTIVE,2025-08-07 19:24:11.000000 +00:00,401,,
437,437,GUARDIAN,KINDERGARTEN,2,PENDING,2025-03-21 21:50:31.000000 +00:00,401,2026-02-14 00:05:00.000000 +00:00,401
438,438,GUARDIAN,KINDERGARTEN,2,ACTIVE,2025-11-24 21:39:19.000000 +00:00,401,,
439,439,GUARDIAN,KINDERGARTEN,2,ACTIVE,2025-11-22 17:46:02.000000 +00:00,401,,
440,440,GUARDIAN,KINDERGARTEN,2,ACTIVE,2025-03-11 21:14:14.000000 +00:00,401,,
441,441,GUARDIAN,KINDERGARTEN,2,ACTIVE,2025-06-22 07:32:42.000000 +00:00,401,,
442,442,GUARDIAN,KINDERGARTEN,2,ACTIVE,2025-08-22 22:25:52.000000 +00:00,401,,
443,443,GUARDIAN,KINDERGARTEN,2,ACTIVE,2025-12-05 01:16:10.000000 +00:00,401,,
444,444,GUARDIAN,KINDERGARTEN,2,ACTIVE,2025-09-15 03:34:42.000000 +00:00,401,,
445,445,GUARDIAN,KINDERGARTEN,2,ACTIVE,2025-07-01 04:35:01.000000 +00:00,401,,
446,446,GUARDIAN,KINDERGARTEN,2,ACTIVE,2025-05-11 06:33:49.000000 +00:00,401,,
447,447,GUARDIAN,KINDERGARTEN,2,ACTIVE,2025-06-13 03:19:05.000000 +00:00,401,,
448,448,GUARDIAN,KINDERGARTEN,2,ACTIVE,2025-05-04 04:55:16.000000 +00:00,401,,
449,449,GUARDIAN,KINDERGARTEN,2,ACTIVE,2025-09-30 07:11:07.000000 +00:00,401,,
450,450,GUARDIAN,KINDERGARTEN,2,ACTIVE,2025-12-31 08:09:05.000000 +00:00,401,,
451,451,GUARDIAN,KINDERGARTEN,2,DISABLED,2025-06-27 05:13:34.000000 +00:00,401,2025-06-27 05:13:34.000000 +00:00,401
452,452,GUARDIAN,KINDERGARTEN,2,ACTIVE,2025-08-23 00:20:31.000000 +00:00,401,,
453,453,GUARDIAN,KINDERGARTEN,2,DISABLED,2025-05-13 14:19:12.000000 +00:00,401,2025-05-13 14:19:12.000000 +00:00,401
454,454,GUARDIAN,KINDERGARTEN,2,ACTIVE,2026-02-05 22:45:37.000000 +00:00,401,,
455,455,GUARDIAN,KINDERGARTEN,2,ACTIVE,2025-11-30 00:38:43.000000 +00:00,401,,
456,456,GUARDIAN,KINDERGARTEN,2,ACTIVE,2026-01-25 21:32:17.000000 +00:00,401,,
457,457,GUARDIAN,KINDERGARTEN,2,ACTIVE,2025-02-01 04:53:05.000000 +00:00,401,,
458,458,GUARDIAN,KINDERGARTEN,2,ACTIVE,2025-07-14 10:34:48.000000 +00:00,401,,
459,459,GUARDIAN,KINDERGARTEN,2,ACTIVE,2025-09-21 06:20:23.000000 +00:00,401,,
460,460,GUARDIAN,KINDERGARTEN,2,ACTIVE,2025-06-16 22:30:14.000000 +00:00,401,,
461,461,GUARDIAN,KINDERGARTEN,2,ACTIVE,2026-03-24 09:32:26.000000 +00:00,401,,
462,462,GUARDIAN,KINDERGARTEN,2,DISABLED,2025-04-29 08:49:38.000000 +00:00,401,2025-06-03 20:38:47.000000 +00:00,401
463,463,GUARDIAN,KINDERGARTEN,2,DISABLED,2025-07-23 14:07:13.000000 +00:00,401,2025-07-23 14:07:13.000000 +00:00,401
464,464,GUARDIAN,KINDERGARTEN,2,ACTIVE,2025-07-30 19:36:30.000000 +00:00,401,,
465,465,GUARDIAN,KINDERGARTEN,2,ACTIVE,2025-04-08 06:35:04.000000 +00:00,401,,
466,466,GUARDIAN,KINDERGARTEN,2,ACTIVE,2025-12-16 14:56:00.000000 +00:00,401,,
467,467,GUARDIAN,KINDERGARTEN,2,ACTIVE,2025-04-07 21:54:08.000000 +00:00,401,,
468,468,GUARDIAN,KINDERGARTEN,2,ACTIVE,2025-11-04 06:04:37.000000 +00:00,401,,
469,469,GUARDIAN,KINDERGARTEN,2,PENDING,2025-09-15 11:37:22.000000 +00:00,401,2026-03-14 15:26:30.000000 +00:00,401
470,470,GUARDIAN,KINDERGARTEN,2,ACTIVE,2025-10-02 07:40:52.000000 +00:00,401,,
471,471,GUARDIAN,KINDERGARTEN,2,ACTIVE,2025-04-22 21:07:31.000000 +00:00,401,,
472,472,GUARDIAN,KINDERGARTEN,2,ACTIVE,2025-02-20 05:16:23.000000 +00:00,401,,
473,473,GUARDIAN,KINDERGARTEN,2,DISABLED,2025-07-15 10:43:32.000000 +00:00,401,2025-07-15 10:43:32.000000 +00:00,401
474,474,GUARDIAN,KINDERGARTEN,2,ACTIVE,2025-09-01 07:12:01.000000 +00:00,401,,
475,475,GUARDIAN,KINDERGARTEN,2,ACTIVE,2026-01-20 04:16:47.000000 +00:00,401,,
476,476,GUARDIAN,KINDERGARTEN,2,ACTIVE,2025-04-13 23:02:47.000000 +00:00,401,,
477,477,GUARDIAN,KINDERGARTEN,2,ACTIVE,2025-07-02 00:47:48.000000 +00:00,401,,
478,478,GUARDIAN,KINDERGARTEN,2,ACTIVE,2025-09-08 16:00:27.000000 +00:00,401,,
479,479,GUARDIAN,KINDERGARTEN,2,ACTIVE,2025-12-29 09:05:29.000000 +00:00,401,,
480,480,GUARDIAN,KINDERGARTEN,2,ACTIVE,2025-12-19 04:28:54.000000 +00:00,401,,
481,481,GUARDIAN,KINDERGARTEN,2,ACTIVE,2026-01-20 05:17:57.000000 +00:00,401,,
482,482,GUARDIAN,KINDERGARTEN,2,PENDING,2025-07-24 08:41:40.000000 +00:00,401,2025-07-24 08:41:40.000000 +00:00,401
483,483,GUARDIAN,KINDERGARTEN,2,ACTIVE,2025-11-23 22:31:17.000000 +00:00,401,,
484,484,GUARDIAN,KINDERGARTEN,2,ACTIVE,2026-03-24 04:27:01.000000 +00:00,401,,
485,485,GUARDIAN,KINDERGARTEN,2,ACTIVE,2025-03-23 07:33:39.000000 +00:00,401,,
486,486,GUARDIAN,KINDERGARTEN,2,ACTIVE,2025-10-28 00:36:30.000000 +00:00,401,,
487,487,GUARDIAN,KINDERGARTEN,2,ACTIVE,2025-08-17 08:19:09.000000 +00:00,401,,
488,488,GUARDIAN,KINDERGARTEN,2,ACTIVE,2025-10-17 07:01:06.000000 +00:00,401,,
489,489,GUARDIAN,KINDERGARTEN,2,ACTIVE,2025-09-09 12:01:05.000000 +00:00,401,,
490,490,GUARDIAN,KINDERGARTEN,2,ACTIVE,2025-07-11 00:35:35.000000 +00:00,401,,
491,491,GUARDIAN,KINDERGARTEN,2,ACTIVE,2025-09-12 08:40:59.000000 +00:00,401,,
492,492,GUARDIAN,KINDERGARTEN,2,ACTIVE,2025-05-23 21:47:53.000000 +00:00,401,,
493,493,GUARDIAN,KINDERGARTEN,2,ACTIVE,2026-02-05 02:46:45.000000 +00:00,401,,
494,494,GUARDIAN,KINDERGARTEN,2,ACTIVE,2025-02-16 15:32:33.000000 +00:00,401,,
495,495,GUARDIAN,KINDERGARTEN,2,ACTIVE,2026-02-03 15:08:00.000000 +00:00,401,,
496,496,GUARDIAN,KINDERGARTEN,2,ACTIVE,2025-03-24 07:57:01.000000 +00:00,401,,
497,497,GUARDIAN,KINDERGARTEN,2,ACTIVE,2025-05-02 03:06:28.000000 +00:00,401,,
498,498,GUARDIAN,KINDERGARTEN,2,ACTIVE,2025-02-19 12:10:31.000000 +00:00,401,,
499,499,GUARDIAN,KINDERGARTEN,2,ACTIVE,2025-04-02 13:11:26.000000 +00:00,401,,
500,500,GUARDIAN,KINDERGARTEN,2,ACTIVE,2025-05-05 12:37:01.000000 +00:00,401,,
501,501,GUARDIAN,KINDERGARTEN,2,PENDING,2026-01-14 16:56:57.000000 +00:00,401,2026-01-14 16:56:57.000000 +00:00,401
502,502,GUARDIAN,KINDERGARTEN,2,ACTIVE,2025-04-12 12:16:21.000000 +00:00,401,,
503,503,GUARDIAN,KINDERGARTEN,2,PENDING,2025-11-30 04:33:23.000000 +00:00,401,2026-02-03 11:33:16.000000 +00:00,401
504,504,GUARDIAN,KINDERGARTEN,2,ACTIVE,2026-01-29 21:57:10.000000 +00:00,401,,
505,505,GUARDIAN,KINDERGARTEN,2,ACTIVE,2025-07-09 21:15:12.000000 +00:00,401,,
506,506,GUARDIAN,KINDERGARTEN,2,ACTIVE,2025-10-01 20:24:53.000000 +00:00,401,,
507,507,GUARDIAN,KINDERGARTEN,2,ACTIVE,2025-03-15 08:43:00.000000 +00:00,401,,
508,508,GUARDIAN,KINDERGARTEN,2,ACTIVE,2025-05-01 08:12:29.000000 +00:00,401,,
509,509,GUARDIAN,KINDERGARTEN,2,ACTIVE,2025-03-08 16:16:13.000000 +00:00,401,,
510,510,GUARDIAN,KINDERGARTEN,2,PENDING,2025-12-10 17:34:11.000000 +00:00,401,2025-12-30 22:26:23.000000 +00:00,401
511,511,GUARDIAN,KINDERGARTEN,2,ACTIVE,2025-10-18 01:43:15.000000 +00:00,401,,
512,512,GUARDIAN,KINDERGARTEN,2,ACTIVE,2025-10-20 21:54:37.000000 +00:00,401,,
513,513,GUARDIAN,KINDERGARTEN,2,ACTIVE,2025-10-09 12:19:04.000000 +00:00,401,,
514,514,GUARDIAN,KINDERGARTEN,2,PENDING,2025-12-03 21:19:22.000000 +00:00,401,2025-12-03 21:19:22.000000 +00:00,401
515,515,GUARDIAN,KINDERGARTEN,2,ACTIVE,2025-05-15 12:55:19.000000 +00:00,401,,
516,516,GUARDIAN,KINDERGARTEN,2,ACTIVE,2025-05-17 18:28:08.000000 +00:00,401,,
517,517,GUARDIAN,KINDERGARTEN,2,ACTIVE,2026-01-05 01:46:41.000000 +00:00,401,,
518,518,GUARDIAN,KINDERGARTEN,2,PENDING,2025-08-19 21:18:04.000000 +00:00,401,2025-08-19 21:18:04.000000 +00:00,401
519,519,GUARDIAN,KINDERGARTEN,2,ACTIVE,2025-03-07 04:06:39.000000 +00:00,401,,
520,520,GUARDIAN,KINDERGARTEN,2,ACTIVE,2025-08-14 00:26:26.000000 +00:00,401,,
521,521,GUARDIAN,KINDERGARTEN,2,ACTIVE,2025-09-29 01:47:10.000000 +00:00,401,,
522,522,GUARDIAN,KINDERGARTEN,2,ACTIVE,2025-06-24 06:21:48.000000 +00:00,401,,
523,523,GUARDIAN,KINDERGARTEN,2,PENDING,2025-10-05 13:26:58.000000 +00:00,401,2026-02-01 15:51:36.000000 +00:00,401
524,524,GUARDIAN,KINDERGARTEN,2,ACTIVE,2025-11-05 18:51:01.000000 +00:00,401,,
525,525,GUARDIAN,KINDERGARTEN,2,DISABLED,2025-12-14 09:07:21.000000 +00:00,401,2025-12-14 09:07:21.000000 +00:00,401
526,526,GUARDIAN,KINDERGARTEN,2,ACTIVE,2025-08-05 20:57:28.000000 +00:00,401,,
527,527,GUARDIAN,KINDERGARTEN,2,ACTIVE,2025-09-22 10:12:22.000000 +00:00,401,,
528,528,GUARDIAN,KINDERGARTEN,2,ACTIVE,2025-11-03 02:19:03.000000 +00:00,401,,
529,529,GUARDIAN,KINDERGARTEN,2,ACTIVE,2026-02-03 19:13:24.000000 +00:00,401,,
530,530,GUARDIAN,KINDERGARTEN,2,ACTIVE,2025-08-03 15:58:22.000000 +00:00,401,,
531,531,GUARDIAN,KINDERGARTEN,2,ACTIVE,2025-02-04 02:22:58.000000 +00:00,401,,
532,532,GUARDIAN,KINDERGARTEN,2,ACTIVE,2025-08-16 12:38:15.000000 +00:00,401,,
533,533,GUARDIAN,KINDERGARTEN,2,ACTIVE,2025-01-10 00:57:44.000000 +00:00,401,,
534,534,GUARDIAN,KINDERGARTEN,2,ACTIVE,2025-01-10 18:01:17.000000 +00:00,401,,
535,535,GUARDIAN,KINDERGARTEN,2,ACTIVE,2025-08-31 00:48:53.000000 +00:00,401,,
536,536,GUARDIAN,KINDERGARTEN,2,DISABLED,2025-08-03 03:12:24.000000 +00:00,401,2026-02-10 08:14:27.000000 +00:00,401
537,537,GUARDIAN,KINDERGARTEN,2,ACTIVE,2025-10-19 19:43:33.000000 +00:00,401,,
538,538,GUARDIAN,KINDERGARTEN,2,ACTIVE,2025-05-02 06:05:22.000000 +00:00,401,,
539,539,GUARDIAN,KINDERGARTEN,2,DISABLED,2026-02-23 12:29:06.000000 +00:00,401,2026-03-10 04:20:09.000000 +00:00,401
540,540,GUARDIAN,KINDERGARTEN,2,ACTIVE,2025-02-14 23:24:13.000000 +00:00,401,,
541,541,GUARDIAN,KINDERGARTEN,2,ACTIVE,2025-11-01 03:58:02.000000 +00:00,401,,
542,542,GUARDIAN,KINDERGARTEN,2,ACTIVE,2025-08-07 17:30:39.000000 +00:00,401,,
543,543,GUARDIAN,KINDERGARTEN,2,ACTIVE,2026-03-07 10:07:09.000000 +00:00,401,,
544,544,GUARDIAN,KINDERGARTEN,2,ACTIVE,2025-06-15 09:16:30.000000 +00:00,401,,
545,545,GUARDIAN,KINDERGARTEN,2,ACTIVE,2025-08-03 23:09:38.000000 +00:00,401,,
546,546,GUARDIAN,KINDERGARTEN,2,ACTIVE,2025-07-27 20:50:04.000000 +00:00,401,,
547,547,GUARDIAN,KINDERGARTEN,2,ACTIVE,2025-10-25 07:27:16.000000 +00:00,401,,
548,548,GUARDIAN,KINDERGARTEN,2,PENDING,2025-04-08 21:05:46.000000 +00:00,401,2025-04-08 21:05:46.000000 +00:00,401
549,549,GUARDIAN,KINDERGARTEN,2,ACTIVE,2025-06-02 21:58:43.000000 +00:00,401,,
550,550,GUARDIAN,KINDERGARTEN,2,DISABLED,2025-10-31 06:57:21.000000 +00:00,401,2025-10-31 06:57:21.000000 +00:00,401
551,551,GUARDIAN,KINDERGARTEN,2,ACTIVE,2026-02-16 00:18:34.000000 +00:00,401,,
552,552,GUARDIAN,KINDERGARTEN,2,ACTIVE,2025-10-28 10:58:05.000000 +00:00,401,,
553,553,GUARDIAN,KINDERGARTEN,2,ACTIVE,2025-06-19 18:19:42.000000 +00:00,401,,
554,554,GUARDIAN,KINDERGARTEN,2,ACTIVE,2025-04-30 16:16:53.000000 +00:00,401,,
555,555,GUARDIAN,KINDERGARTEN,2,ACTIVE,2025-06-01 07:44:59.000000 +00:00,401,,
556,556,GUARDIAN,KINDERGARTEN,2,ACTIVE,2025-01-31 00:15:30.000000 +00:00,401,,
557,557,GUARDIAN,KINDERGARTEN,2,ACTIVE,2025-04-30 00:18:11.000000 +00:00,401,,
558,558,GUARDIAN,KINDERGARTEN,2,ACTIVE,2025-09-06 10:49:32.000000 +00:00,401,,
559,559,GUARDIAN,KINDERGARTEN,2,ACTIVE,2025-01-25 14:47:08.000000 +00:00,401,,
560,560,GUARDIAN,KINDERGARTEN,2,ACTIVE,2025-07-02 13:21:16.000000 +00:00,401,,
561,561,GUARDIAN,KINDERGARTEN,2,ACTIVE,2025-11-17 01:23:46.000000 +00:00,401,,
562,562,GUARDIAN,KINDERGARTEN,2,ACTIVE,2025-01-26 02:11:04.000000 +00:00,401,,
563,563,GUARDIAN,KINDERGARTEN,2,ACTIVE,2025-10-07 06:35:37.000000 +00:00,401,,
564,564,GUARDIAN,KINDERGARTEN,2,DISABLED,2025-02-10 13:46:57.000000 +00:00,401,2025-11-24 09:21:34.000000 +00:00,401
565,565,GUARDIAN,KINDERGARTEN,2,ACTIVE,2025-06-24 10:38:32.000000 +00:00,401,,
566,566,GUARDIAN,KINDERGARTEN,2,PENDING,2025-02-11 18:13:19.000000 +00:00,401,2025-02-11 18:13:19.000000 +00:00,401
567,567,GUARDIAN,KINDERGARTEN,2,PENDING,2025-04-26 02:20:54.000000 +00:00,401,2026-02-01 04:42:27.000000 +00:00,401
568,568,GUARDIAN,KINDERGARTEN,2,ACTIVE,2026-01-30 09:24:46.000000 +00:00,401,,
569,569,GUARDIAN,KINDERGARTEN,2,ACTIVE,2025-02-25 17:22:42.000000 +00:00,401,,
570,570,GUARDIAN,KINDERGARTEN,2,ACTIVE,2025-09-24 09:49:57.000000 +00:00,401,,
571,571,GUARDIAN,KINDERGARTEN,2,ACTIVE,2025-04-21 14:18:52.000000 +00:00,401,,
572,572,GUARDIAN,KINDERGARTEN,2,ACTIVE,2025-05-05 19:55:19.000000 +00:00,401,,
573,573,GUARDIAN,KINDERGARTEN,2,ACTIVE,2025-03-03 07:26:07.000000 +00:00,401,,
574,574,GUARDIAN,KINDERGARTEN,2,ACTIVE,2025-03-17 00:58:32.000000 +00:00,401,,
575,575,GUARDIAN,KINDERGARTEN,2,ACTIVE,2025-02-27 19:48:43.000000 +00:00,401,,
576,576,GUARDIAN,KINDERGARTEN,2,ACTIVE,2025-12-15 15:11:04.000000 +00:00,401,,
577,577,GUARDIAN,KINDERGARTEN,2,ACTIVE,2025-07-06 15:26:17.000000 +00:00,401,,
578,578,GUARDIAN,KINDERGARTEN,2,ACTIVE,2025-10-05 17:54:19.000000 +00:00,401,,
579,579,GUARDIAN,KINDERGARTEN,2,ACTIVE,2025-12-16 15:18:06.000000 +00:00,401,,
580,580,GUARDIAN,KINDERGARTEN,2,DISABLED,2025-06-12 07:26:56.000000 +00:00,401,2025-06-12 07:26:56.000000 +00:00,401
581,581,GUARDIAN,KINDERGARTEN,2,DISABLED,2026-02-19 23:19:51.000000 +00:00,401,2026-02-19 23:19:51.000000 +00:00,401
582,582,GUARDIAN,KINDERGARTEN,2,ACTIVE,2026-01-12 01:11:32.000000 +00:00,401,,
583,583,GUARDIAN,KINDERGARTEN,2,ACTIVE,2025-11-20 18:26:56.000000 +00:00,401,,
584,584,GUARDIAN,KINDERGARTEN,2,ACTIVE,2026-01-01 07:04:45.000000 +00:00,401,,
585,585,GUARDIAN,KINDERGARTEN,2,ACTIVE,2025-04-03 17:56:20.000000 +00:00,401,,
586,586,GUARDIAN,KINDERGARTEN,2,ACTIVE,2025-02-02 10:54:06.000000 +00:00,401,,
587,587,GUARDIAN,KINDERGARTEN,2,PENDING,2025-09-04 12:43:35.000000 +00:00,401,2025-09-04 12:43:35.000000 +00:00,401
588,588,GUARDIAN,KINDERGARTEN,2,PENDING,2025-04-23 06:15:23.000000 +00:00,401,2026-01-16 12:54:33.000000 +00:00,401
589,589,GUARDIAN,KINDERGARTEN,2,ACTIVE,2025-02-27 18:43:10.000000 +00:00,401,,
590,590,GUARDIAN,KINDERGARTEN,2,ACTIVE,2025-09-11 11:46:37.000000 +00:00,401,,
591,591,GUARDIAN,KINDERGARTEN,2,DISABLED,2025-08-28 14:58:48.000000 +00:00,401,2025-09-02 18:56:25.000000 +00:00,401
592,592,GUARDIAN,KINDERGARTEN,2,ACTIVE,2026-01-16 09:09:39.000000 +00:00,401,,
593,593,GUARDIAN,KINDERGARTEN,2,ACTIVE,2026-01-04 13:59:38.000000 +00:00,401,,
594,594,GUARDIAN,KINDERGARTEN,2,ACTIVE,2025-11-08 17:03:58.000000 +00:00,401,,
595,595,GUARDIAN,KINDERGARTEN,2,ACTIVE,2025-02-09 01:28:26.000000 +00:00,401,,
596,596,GUARDIAN,KINDERGARTEN,2,ACTIVE,2025-02-25 22:55:33.000000 +00:00,401,,
597,597,GUARDIAN,KINDERGARTEN,2,DISABLED,2025-09-25 09:56:16.000000 +00:00,401,2025-12-24 12:58:02.000000 +00:00,401
598,598,GUARDIAN,KINDERGARTEN,2,ACTIVE,2025-11-06 04:21:28.000000 +00:00,401,,
599,599,GUARDIAN,KINDERGARTEN,2,DISABLED,2025-06-10 04:18:12.000000 +00:00,401,2025-12-07 11:45:34.000000 +00:00,401
600,600,GUARDIAN,KINDERGARTEN,2,PENDING,2025-08-13 21:15:11.000000 +00:00,401,2025-12-03 12:48:33.000000 +00:00,401
601,601,GUARDIAN,KINDERGARTEN,2,ACTIVE,2025-07-24 17:44:10.000000 +00:00,401,,
602,602,GUARDIAN,KINDERGARTEN,2,ACTIVE,2026-02-27 15:13:10.000000 +00:00,401,,
603,603,GUARDIAN,KINDERGARTEN,2,ACTIVE,2025-07-16 07:31:31.000000 +00:00,401,,
604,604,GUARDIAN,KINDERGARTEN,2,ACTIVE,2025-01-17 04:01:39.000000 +00:00,401,,
605,605,GUARDIAN,KINDERGARTEN,2,PENDING,2025-06-16 16:54:08.000000 +00:00,401,2026-01-06 17:20:28.000000 +00:00,401
606,606,GUARDIAN,KINDERGARTEN,2,ACTIVE,2025-11-03 08:22:35.000000 +00:00,401,,
607,607,GUARDIAN,KINDERGARTEN,2,ACTIVE,2025-01-20 16:44:02.000000 +00:00,401,,
608,608,GUARDIAN,KINDERGARTEN,2,ACTIVE,2025-04-27 11:04:11.000000 +00:00,401,,
609,609,GUARDIAN,KINDERGARTEN,2,ACTIVE,2026-03-13 14:39:37.000000 +00:00,401,,
610,610,GUARDIAN,KINDERGARTEN,2,DISABLED,2025-04-14 11:49:16.000000 +00:00,401,2026-03-21 02:19:07.000000 +00:00,401
611,611,GUARDIAN,KINDERGARTEN,2,DISABLED,2025-10-04 11:22:21.000000 +00:00,401,2025-12-05 00:05:22.000000 +00:00,401
612,612,GUARDIAN,KINDERGARTEN,2,ACTIVE,2026-03-17 15:25:40.000000 +00:00,401,,
613,613,GUARDIAN,KINDERGARTEN,2,ACTIVE,2025-11-25 11:35:11.000000 +00:00,401,,
614,614,GUARDIAN,KINDERGARTEN,2,ACTIVE,2025-12-19 03:52:34.000000 +00:00,401,,
615,615,GUARDIAN,KINDERGARTEN,2,ACTIVE,2025-08-08 15:05:47.000000 +00:00,401,,
616,616,GUARDIAN,KINDERGARTEN,2,ACTIVE,2026-03-02 21:33:00.000000 +00:00,401,,
617,617,GUARDIAN,KINDERGARTEN,2,ACTIVE,2025-04-02 14:31:41.000000 +00:00,401,,
618,618,GUARDIAN,KINDERGARTEN,2,ACTIVE,2025-11-30 20:19:30.000000 +00:00,401,,
619,619,GUARDIAN,KINDERGARTEN,2,ACTIVE,2025-11-10 11:26:09.000000 +00:00,401,,
620,620,GUARDIAN,KINDERGARTEN,2,DISABLED,2025-09-28 01:01:24.000000 +00:00,401,2025-09-28 01:01:24.000000 +00:00,401
621,621,GUARDIAN,KINDERGARTEN,2,ACTIVE,2025-05-11 09:41:45.000000 +00:00,401,,
622,622,GUARDIAN,KINDERGARTEN,2,ACTIVE,2025-02-13 18:26:40.000000 +00:00,401,,
623,623,GUARDIAN,KINDERGARTEN,2,ACTIVE,2025-06-18 04:23:26.000000 +00:00,401,,
624,624,GUARDIAN,KINDERGARTEN,2,DISABLED,2025-09-07 06:56:48.000000 +00:00,401,2025-09-07 06:56:48.000000 +00:00,401
625,625,GUARDIAN,KINDERGARTEN,2,ACTIVE,2026-03-05 11:56:29.000000 +00:00,401,,
626,626,GUARDIAN,KINDERGARTEN,2,ACTIVE,2025-05-06 14:26:51.000000 +00:00,401,,
627,627,GUARDIAN,KINDERGARTEN,2,PENDING,2025-07-08 05:56:40.000000 +00:00,401,2025-07-08 05:56:40.000000 +00:00,401
628,628,GUARDIAN,KINDERGARTEN,2,ACTIVE,2025-01-14 04:04:34.000000 +00:00,401,,
629,629,GUARDIAN,KINDERGARTEN,2,PENDING,2025-09-10 14:53:41.000000 +00:00,401,2025-10-02 23:29:38.000000 +00:00,401
630,630,GUARDIAN,KINDERGARTEN,2,DISABLED,2025-05-11 14:09:58.000000 +00:00,401,2026-02-14 20:01:42.000000 +00:00,401
631,631,GUARDIAN,KINDERGARTEN,2,PENDING,2025-02-26 01:14:16.000000 +00:00,401,2025-09-09 06:31:48.000000 +00:00,401
632,632,GUARDIAN,KINDERGARTEN,2,ACTIVE,2025-04-28 02:39:24.000000 +00:00,401,,
633,633,GUARDIAN,KINDERGARTEN,2,ACTIVE,2025-04-16 00:45:32.000000 +00:00,401,,
634,634,GUARDIAN,KINDERGARTEN,2,ACTIVE,2025-06-22 18:44:41.000000 +00:00,401,,
635,635,GUARDIAN,KINDERGARTEN,2,ACTIVE,2025-11-03 23:22:14.000000 +00:00,401,,
636,636,GUARDIAN,KINDERGARTEN,2,DISABLED,2025-01-26 10:24:50.000000 +00:00,401,2025-09-01 23:28:22.000000 +00:00,401
637,637,GUARDIAN,KINDERGARTEN,2,DISABLED,2025-09-13 04:23:11.000000 +00:00,401,2025-09-13 04:23:11.000000 +00:00,401
638,638,GUARDIAN,KINDERGARTEN,2,ACTIVE,2025-09-27 00:25:21.000000 +00:00,401,,
639,639,GUARDIAN,KINDERGARTEN,2,ACTIVE,2026-01-07 07:20:25.000000 +00:00,401,,
640,640,GUARDIAN,KINDERGARTEN,2,ACTIVE,2025-11-20 01:56:24.000000 +00:00,401,,
641,641,GUARDIAN,KINDERGARTEN,2,ACTIVE,2025-06-01 08:39:43.000000 +00:00,401,,
642,642,GUARDIAN,KINDERGARTEN,2,DISABLED,2025-07-26 04:01:04.000000 +00:00,401,2026-02-08 03:32:47.000000 +00:00,401
643,643,GUARDIAN,KINDERGARTEN,2,PENDING,2025-08-29 07:24:38.000000 +00:00,401,2026-03-24 10:52:37.000000 +00:00,401
644,644,GUARDIAN,KINDERGARTEN,2,ACTIVE,2025-11-13 21:05:36.000000 +00:00,401,,
645,645,GUARDIAN,KINDERGARTEN,2,ACTIVE,2025-04-14 06:28:01.000000 +00:00,401,,
646,646,GUARDIAN,KINDERGARTEN,2,ACTIVE,2025-03-31 11:12:33.000000 +00:00,401,,
647,647,GUARDIAN,KINDERGARTEN,2,ACTIVE,2025-02-21 01:48:23.000000 +00:00,401,,
648,648,GUARDIAN,KINDERGARTEN,2,ACTIVE,2025-03-04 14:36:39.000000 +00:00,401,,
649,649,GUARDIAN,KINDERGARTEN,2,PENDING,2025-12-13 04:26:22.000000 +00:00,401,2026-02-26 15:27:02.000000 +00:00,401
650,650,GUARDIAN,KINDERGARTEN,2,ACTIVE,2025-05-28 20:34:22.000000 +00:00,401,,
651,651,GUARDIAN,KINDERGARTEN,2,DISABLED,2024-12-31 18:19:34.000000 +00:00,401,2025-08-24 19:30:20.000000 +00:00,401
652,652,GUARDIAN,KINDERGARTEN,2,PENDING,2025-09-05 20:54:42.000000 +00:00,401,2025-09-05 20:54:42.000000 +00:00,401
653,653,GUARDIAN,KINDERGARTEN,2,ACTIVE,2026-01-02 12:38:03.000000 +00:00,401,,
654,654,GUARDIAN,KINDERGARTEN,2,ACTIVE,2025-09-28 10:17:25.000000 +00:00,401,,
655,655,GUARDIAN,KINDERGARTEN,2,ACTIVE,2025-04-12 21:53:32.000000 +00:00,401,,
656,656,GUARDIAN,KINDERGARTEN,2,PENDING,2025-06-24 12:57:06.000000 +00:00,401,2025-10-14 14:59:02.000000 +00:00,401
657,657,GUARDIAN,KINDERGARTEN,2,ACTIVE,2025-12-28 02:16:43.000000 +00:00,401,,
658,658,GUARDIAN,KINDERGARTEN,2,ACTIVE,2025-11-20 00:31:21.000000 +00:00,401,,
659,659,GUARDIAN,KINDERGARTEN,2,ACTIVE,2025-08-24 17:23:09.000000 +00:00,401,,
660,660,GUARDIAN,KINDERGARTEN,2,PENDING,2025-08-06 12:49:36.000000 +00:00,401,2025-08-06 12:49:36.000000 +00:00,401
661,661,GUARDIAN,KINDERGARTEN,2,PENDING,2025-03-24 06:34:09.000000 +00:00,401,2025-10-09 11:04:19.000000 +00:00,401
662,662,GUARDIAN,KINDERGARTEN,2,DISABLED,2026-01-24 12:14:14.000000 +00:00,401,2026-01-24 12:14:14.000000 +00:00,401
663,663,GUARDIAN,KINDERGARTEN,2,DISABLED,2025-03-05 19:45:48.000000 +00:00,401,2025-08-04 03:33:34.000000 +00:00,401
664,664,GUARDIAN,KINDERGARTEN,2,ACTIVE,2025-08-07 06:41:06.000000 +00:00,401,,
665,665,GUARDIAN,KINDERGARTEN,2,ACTIVE,2025-08-25 13:07:57.000000 +00:00,401,,
666,666,GUARDIAN,KINDERGARTEN,2,ACTIVE,2025-09-10 00:25:43.000000 +00:00,401,,
667,667,GUARDIAN,KINDERGARTEN,2,PENDING,2025-07-31 00:17:52.000000 +00:00,401,2025-07-31 00:17:52.000000 +00:00,401
668,668,GUARDIAN,KINDERGARTEN,2,ACTIVE,2025-03-23 09:06:20.000000 +00:00,401,,
669,669,GUARDIAN,KINDERGARTEN,2,ACTIVE,2025-03-23 20:40:36.000000 +00:00,401,,
670,670,GUARDIAN,KINDERGARTEN,2,PENDING,2025-10-07 21:05:49.000000 +00:00,401,2025-10-07 21:05:49.000000 +00:00,401
671,671,GUARDIAN,KINDERGARTEN,2,PENDING,2026-01-07 00:46:02.000000 +00:00,401,2026-01-07 00:46:02.000000 +00:00,401
672,672,GUARDIAN,KINDERGARTEN,2,ACTIVE,2026-01-15 23:49:00.000000 +00:00,401,,
673,673,GUARDIAN,KINDERGARTEN,2,ACTIVE,2025-06-20 10:51:24.000000 +00:00,401,,
674,674,GUARDIAN,KINDERGARTEN,2,ACTIVE,2025-05-16 15:49:52.000000 +00:00,401,,
675,675,GUARDIAN,KINDERGARTEN,2,DISABLED,2025-04-19 14:43:21.000000 +00:00,401,2025-05-23 19:51:37.000000 +00:00,401
676,676,GUARDIAN,KINDERGARTEN,2,ACTIVE,2026-03-27 13:20:53.000000 +00:00,401,,
677,677,GUARDIAN,KINDERGARTEN,2,DISABLED,2025-09-13 12:59:51.000000 +00:00,401,2025-09-23 21:26:50.000000 +00:00,401
678,678,GUARDIAN,KINDERGARTEN,2,ACTIVE,2025-08-06 19:45:46.000000 +00:00,401,,
679,679,GUARDIAN,KINDERGARTEN,2,ACTIVE,2025-01-19 21:12:27.000000 +00:00,401,,
680,680,GUARDIAN,KINDERGARTEN,2,ACTIVE,2025-10-13 04:51:59.000000 +00:00,401,,
681,681,GUARDIAN,KINDERGARTEN,2,ACTIVE,2025-01-23 00:30:00.000000 +00:00,401,,
682,682,GUARDIAN,KINDERGARTEN,2,ACTIVE,2026-01-18 18:40:56.000000 +00:00,401,,
683,683,GUARDIAN,KINDERGARTEN,2,DISABLED,2025-03-29 17:22:55.000000 +00:00,401,2025-05-13 11:37:58.000000 +00:00,401
684,684,GUARDIAN,KINDERGARTEN,2,ACTIVE,2026-03-22 23:21:29.000000 +00:00,401,,
685,685,GUARDIAN,KINDERGARTEN,2,ACTIVE,2025-04-26 19:40:13.000000 +00:00,401,,
686,686,GUARDIAN,KINDERGARTEN,2,ACTIVE,2025-09-04 16:56:57.000000 +00:00,401,,
687,687,GUARDIAN,KINDERGARTEN,2,ACTIVE,2025-03-14 09:20:32.000000 +00:00,401,,
688,688,GUARDIAN,KINDERGARTEN,2,DISABLED,2026-01-05 00:05:55.000000 +00:00,401,2026-01-05 00:05:55.000000 +00:00,401
689,689,GUARDIAN,KINDERGARTEN,2,PENDING,2025-01-18 08:16:51.000000 +00:00,401,2025-11-01 08:52:29.000000 +00:00,401
690,690,GUARDIAN,KINDERGARTEN,2,ACTIVE,2025-05-28 08:05:36.000000 +00:00,401,,
691,691,GUARDIAN,KINDERGARTEN,2,ACTIVE,2025-03-16 12:08:07.000000 +00:00,401,,
692,692,GUARDIAN,KINDERGARTEN,2,ACTIVE,2025-12-31 07:41:09.000000 +00:00,401,,
693,693,GUARDIAN,KINDERGARTEN,2,ACTIVE,2025-01-16 18:17:59.000000 +00:00,401,,
694,694,GUARDIAN,KINDERGARTEN,2,ACTIVE,2025-09-28 13:48:02.000000 +00:00,401,,
695,695,GUARDIAN,KINDERGARTEN,2,ACTIVE,2025-07-21 11:58:55.000000 +00:00,401,,
696,696,GUARDIAN,KINDERGARTEN,2,ACTIVE,2025-12-01 08:51:46.000000 +00:00,401,,
697,697,GUARDIAN,KINDERGARTEN,2,ACTIVE,2025-11-27 04:12:21.000000 +00:00,401,,
698,698,GUARDIAN,KINDERGARTEN,2,ACTIVE,2026-03-24 08:58:50.000000 +00:00,401,,
699,699,GUARDIAN,KINDERGARTEN,2,ACTIVE,2025-05-31 18:49:41.000000 +00:00,401,,
700,700,TEACHER,KINDERGARTEN,2,ACTIVE,2025-03-31 11:33:15.000000 +00:00,401,,
701,701,KINDERGARTEN_ADMIN,KINDERGARTEN,3,ACTIVE,2025-12-06 01:16:16.000000 +00:00,,,
702,702,TEACHER,KINDERGARTEN,3,ACTIVE,2025-05-22 04:16:15.000000 +00:00,701,,
703,703,TEACHER,KINDERGARTEN,3,ACTIVE,2025-12-22 01:38:32.000000 +00:00,701,,
704,704,TEACHER,KINDERGARTEN,3,PENDING,2025-01-03 05:45:12.000000 +00:00,701,2025-09-14 12:29:34.000000 +00:00,701
705,705,TEACHER,KINDERGARTEN,3,ACTIVE,2026-02-03 02:59:52.000000 +00:00,701,,
706,706,TEACHER,KINDERGARTEN,3,ACTIVE,2025-07-24 11:28:54.000000 +00:00,701,,
707,707,TEACHER,KINDERGARTEN,3,ACTIVE,2025-12-01 05:35:22.000000 +00:00,701,,
708,708,TEACHER,KINDERGARTEN,3,DISABLED,2025-05-03 15:41:15.000000 +00:00,701,2026-01-15 01:34:21.000000 +00:00,701
709,709,TEACHER,KINDERGARTEN,3,ACTIVE,2025-03-15 11:02:47.000000 +00:00,701,,
710,710,TEACHER,KINDERGARTEN,3,PENDING,2025-09-27 15:24:29.000000 +00:00,701,2025-09-27 15:24:29.000000 +00:00,701
711,711,TEACHER,KINDERGARTEN,3,ACTIVE,2025-10-11 05:07:29.000000 +00:00,701,,
712,712,TEACHER,KINDERGARTEN,3,ACTIVE,2025-11-10 13:27:35.000000 +00:00,701,,
713,713,TEACHER,KINDERGARTEN,3,ACTIVE,2025-02-09 05:10:25.000000 +00:00,701,,
714,714,TEACHER,KINDERGARTEN,3,ACTIVE,2025-05-20 16:18:06.000000 +00:00,701,,
715,715,TEACHER,KINDERGARTEN,3,PENDING,2025-10-02 19:02:39.000000 +00:00,701,2026-03-27 09:36:50.000000 +00:00,701
716,716,TEACHER,KINDERGARTEN,3,ACTIVE,2025-08-05 23:05:31.000000 +00:00,701,,
717,717,TEACHER,KINDERGARTEN,3,PENDING,2025-12-14 04:23:49.000000 +00:00,701,2025-12-14 04:23:49.000000 +00:00,701
718,718,TEACHER,KINDERGARTEN,3,PENDING,2025-06-18 15:39:33.000000 +00:00,701,2025-10-22 00:24:12.000000 +00:00,701
719,719,TEACHER,KINDERGARTEN,3,ACTIVE,2025-09-16 13:16:24.000000 +00:00,701,,
720,720,TEACHER,KINDERGARTEN,3,ACTIVE,2025-09-12 19:50:14.000000 +00:00,701,,
721,721,GUARDIAN,KINDERGARTEN,3,PENDING,2025-03-20 09:07:18.000000 +00:00,701,2026-03-10 15:24:15.000000 +00:00,701
722,722,GUARDIAN,KINDERGARTEN,3,ACTIVE,2025-08-16 07:26:41.000000 +00:00,701,,
723,723,GUARDIAN,KINDERGARTEN,3,ACTIVE,2025-02-05 10:26:18.000000 +00:00,701,,
724,724,GUARDIAN,KINDERGARTEN,3,DISABLED,2025-09-14 04:59:35.000000 +00:00,701,2025-09-14 04:59:35.000000 +00:00,701
725,725,GUARDIAN,KINDERGARTEN,3,ACTIVE,2025-07-10 07:25:50.000000 +00:00,701,,
726,726,GUARDIAN,KINDERGARTEN,3,ACTIVE,2025-07-09 03:01:03.000000 +00:00,701,,
727,727,GUARDIAN,KINDERGARTEN,3,ACTIVE,2025-05-30 00:14:36.000000 +00:00,701,,
728,728,GUARDIAN,KINDERGARTEN,3,DISABLED,2025-10-09 06:01:35.000000 +00:00,701,2025-10-09 06:01:35.000000 +00:00,701
729,729,GUARDIAN,KINDERGARTEN,3,ACTIVE,2025-11-10 22:19:26.000000 +00:00,701,,
730,730,GUARDIAN,KINDERGARTEN,3,ACTIVE,2025-12-06 05:12:12.000000 +00:00,701,,
731,731,GUARDIAN,KINDERGARTEN,3,ACTIVE,2025-09-16 20:36:02.000000 +00:00,701,,
732,732,GUARDIAN,KINDERGARTEN,3,ACTIVE,2025-02-25 08:37:23.000000 +00:00,701,,
733,733,GUARDIAN,KINDERGARTEN,3,ACTIVE,2026-01-21 01:37:46.000000 +00:00,701,,
734,734,GUARDIAN,KINDERGARTEN,3,ACTIVE,2025-03-21 19:55:09.000000 +00:00,701,,
735,735,GUARDIAN,KINDERGARTEN,3,ACTIVE,2025-08-10 05:15:47.000000 +00:00,701,,
736,736,GUARDIAN,KINDERGARTEN,3,DISABLED,2025-12-08 23:47:49.000000 +00:00,701,2025-12-08 23:47:49.000000 +00:00,701
737,737,GUARDIAN,KINDERGARTEN,3,PENDING,2026-03-09 19:02:27.000000 +00:00,701,2026-03-09 19:02:27.000000 +00:00,701
738,738,GUARDIAN,KINDERGARTEN,3,ACTIVE,2025-05-15 04:49:17.000000 +00:00,701,,
739,739,GUARDIAN,KINDERGARTEN,3,PENDING,2026-02-02 15:59:29.000000 +00:00,701,2026-02-02 15:59:29.000000 +00:00,701
740,740,GUARDIAN,KINDERGARTEN,3,ACTIVE,2025-05-01 18:00:57.000000 +00:00,701,,
741,741,GUARDIAN,KINDERGARTEN,3,PENDING,2025-11-09 02:06:23.000000 +00:00,701,2026-03-26 17:16:27.000000 +00:00,701
742,742,GUARDIAN,KINDERGARTEN,3,PENDING,2025-09-15 16:12:49.000000 +00:00,701,2025-09-30 11:02:35.000000 +00:00,701
743,743,GUARDIAN,KINDERGARTEN,3,ACTIVE,2025-08-17 19:25:33.000000 +00:00,701,,
744,744,GUARDIAN,KINDERGARTEN,3,ACTIVE,2026-02-10 21:50:33.000000 +00:00,701,,
745,745,GUARDIAN,KINDERGARTEN,3,ACTIVE,2025-11-01 15:28:48.000000 +00:00,701,,
746,746,GUARDIAN,KINDERGARTEN,3,ACTIVE,2025-04-23 10:48:50.000000 +00:00,701,,
747,747,GUARDIAN,KINDERGARTEN,3,DISABLED,2025-07-20 10:05:37.000000 +00:00,701,2025-07-20 10:05:37.000000 +00:00,701
748,748,GUARDIAN,KINDERGARTEN,3,ACTIVE,2025-12-21 21:50:45.000000 +00:00,701,,
749,749,GUARDIAN,KINDERGARTEN,3,ACTIVE,2025-08-25 14:45:20.000000 +00:00,701,,
750,750,GUARDIAN,KINDERGARTEN,3,ACTIVE,2025-06-22 21:04:38.000000 +00:00,701,,
751,751,GUARDIAN,KINDERGARTEN,3,DISABLED,2025-09-03 12:12:52.000000 +00:00,701,2025-09-03 12:12:52.000000 +00:00,701
752,752,GUARDIAN,KINDERGARTEN,3,PENDING,2025-10-21 16:05:25.000000 +00:00,701,2025-11-11 16:20:47.000000 +00:00,701
753,753,GUARDIAN,KINDERGARTEN,3,ACTIVE,2025-05-10 20:00:21.000000 +00:00,701,,
754,754,GUARDIAN,KINDERGARTEN,3,ACTIVE,2025-02-20 03:41:14.000000 +00:00,701,,
755,755,GUARDIAN,KINDERGARTEN,3,ACTIVE,2025-12-21 14:27:52.000000 +00:00,701,,
756,756,GUARDIAN,KINDERGARTEN,3,ACTIVE,2025-07-30 19:22:41.000000 +00:00,701,,
757,757,GUARDIAN,KINDERGARTEN,3,ACTIVE,2025-07-22 11:45:09.000000 +00:00,701,,
758,758,GUARDIAN,KINDERGARTEN,3,PENDING,2025-03-04 18:53:14.000000 +00:00,701,2025-03-04 18:53:14.000000 +00:00,701
759,759,GUARDIAN,KINDERGARTEN,3,PENDING,2025-12-31 13:00:53.000000 +00:00,701,2025-12-31 13:00:53.000000 +00:00,701
760,760,GUARDIAN,KINDERGARTEN,3,ACTIVE,2025-02-01 09:17:47.000000 +00:00,701,,
761,761,GUARDIAN,KINDERGARTEN,3,DISABLED,2025-04-17 14:06:12.000000 +00:00,701,2025-04-17 14:06:12.000000 +00:00,701
762,762,GUARDIAN,KINDERGARTEN,3,DISABLED,2025-07-22 22:00:15.000000 +00:00,701,2025-07-22 22:00:15.000000 +00:00,701
763,763,GUARDIAN,KINDERGARTEN,3,ACTIVE,2025-05-06 18:47:21.000000 +00:00,701,,
764,764,GUARDIAN,KINDERGARTEN,3,ACTIVE,2025-07-13 09:06:21.000000 +00:00,701,,
765,765,GUARDIAN,KINDERGARTEN,3,ACTIVE,2025-07-28 13:31:59.000000 +00:00,701,,
766,766,GUARDIAN,KINDERGARTEN,3,ACTIVE,2025-03-15 08:02:10.000000 +00:00,701,,
767,767,GUARDIAN,KINDERGARTEN,3,ACTIVE,2025-06-06 20:54:20.000000 +00:00,701,,
768,768,GUARDIAN,KINDERGARTEN,3,PENDING,2025-10-13 00:46:26.000000 +00:00,701,2026-01-02 00:20:36.000000 +00:00,701
769,769,GUARDIAN,KINDERGARTEN,3,ACTIVE,2025-03-08 20:29:00.000000 +00:00,701,,
770,770,GUARDIAN,KINDERGARTEN,3,PENDING,2025-12-03 00:08:52.000000 +00:00,701,2026-01-17 23:44:50.000000 +00:00,701
771,771,GUARDIAN,KINDERGARTEN,3,DISABLED,2025-05-28 00:05:30.000000 +00:00,701,2025-08-26 23:02:04.000000 +00:00,701
772,772,GUARDIAN,KINDERGARTEN,3,ACTIVE,2025-04-22 21:58:31.000000 +00:00,701,,
773,773,GUARDIAN,KINDERGARTEN,3,ACTIVE,2025-12-16 19:50:35.000000 +00:00,701,,
774,774,GUARDIAN,KINDERGARTEN,3,ACTIVE,2026-02-17 03:58:05.000000 +00:00,701,,
775,775,GUARDIAN,KINDERGARTEN,3,ACTIVE,2025-02-28 09:58:04.000000 +00:00,701,,
776,776,GUARDIAN,KINDERGARTEN,3,ACTIVE,2025-09-29 17:40:34.000000 +00:00,701,,
777,777,GUARDIAN,KINDERGARTEN,3,ACTIVE,2025-08-21 16:23:38.000000 +00:00,701,,
778,778,GUARDIAN,KINDERGARTEN,3,DISABLED,2025-05-19 14:29:56.000000 +00:00,701,2025-05-28 16:55:28.000000 +00:00,701
779,779,GUARDIAN,KINDERGARTEN,3,PENDING,2025-04-17 00:59:22.000000 +00:00,701,2025-04-17 00:59:22.000000 +00:00,701
780,780,GUARDIAN,KINDERGARTEN,3,ACTIVE,2025-12-01 17:46:09.000000 +00:00,701,,
781,781,GUARDIAN,KINDERGARTEN,3,ACTIVE,2025-06-15 01:27:09.000000 +00:00,701,,
782,782,GUARDIAN,KINDERGARTEN,3,ACTIVE,2025-04-21 01:04:45.000000 +00:00,701,,
783,783,GUARDIAN,KINDERGARTEN,3,ACTIVE,2025-07-22 20:49:43.000000 +00:00,701,,
784,784,GUARDIAN,KINDERGARTEN,3,DISABLED,2026-03-28 16:12:39.000000 +00:00,701,2026-03-28 16:12:39.000000 +00:00,701
785,785,GUARDIAN,KINDERGARTEN,3,ACTIVE,2026-02-27 01:37:56.000000 +00:00,701,,
786,786,GUARDIAN,KINDERGARTEN,3,ACTIVE,2025-04-25 11:22:17.000000 +00:00,701,,
787,787,GUARDIAN,KINDERGARTEN,3,ACTIVE,2025-09-05 18:03:25.000000 +00:00,701,,
788,788,GUARDIAN,KINDERGARTEN,3,ACTIVE,2025-09-19 11:12:32.000000 +00:00,701,,
789,789,GUARDIAN,KINDERGARTEN,3,PENDING,2025-09-03 20:22:59.000000 +00:00,701,2026-02-10 08:07:46.000000 +00:00,701
790,790,GUARDIAN,KINDERGARTEN,3,ACTIVE,2025-11-12 01:56:12.000000 +00:00,701,,
791,791,GUARDIAN,KINDERGARTEN,3,ACTIVE,2025-01-04 21:48:06.000000 +00:00,701,,
792,792,GUARDIAN,KINDERGARTEN,3,ACTIVE,2026-03-17 09:16:09.000000 +00:00,701,,
793,793,GUARDIAN,KINDERGARTEN,3,ACTIVE,2025-10-20 09:39:29.000000 +00:00,701,,
794,794,GUARDIAN,KINDERGARTEN,3,ACTIVE,2025-03-25 23:14:22.000000 +00:00,701,,
795,795,GUARDIAN,KINDERGARTEN,3,ACTIVE,2025-01-13 10:45:17.000000 +00:00,701,,
796,796,GUARDIAN,KINDERGARTEN,3,PENDING,2025-08-29 14:47:18.000000 +00:00,701,2025-11-25 11:20:58.000000 +00:00,701
797,797,GUARDIAN,KINDERGARTEN,3,ACTIVE,2025-11-30 07:44:30.000000 +00:00,701,,
798,798,GUARDIAN,KINDERGARTEN,3,PENDING,2025-01-24 14:31:11.000000 +00:00,701,2026-03-12 00:11:59.000000 +00:00,701
799,799,GUARDIAN,KINDERGARTEN,3,DISABLED,2025-11-16 18:34:13.000000 +00:00,701,2025-11-16 18:34:13.000000 +00:00,701
800,800,GUARDIAN,KINDERGARTEN,3,ACTIVE,2025-09-26 03:10:02.000000 +00:00,701,,
801,801,GUARDIAN,KINDERGARTEN,3,ACTIVE,2025-09-15 04:55:19.000000 +00:00,701,,
802,802,GUARDIAN,KINDERGARTEN,3,ACTIVE,2025-02-13 05:05:59.000000 +00:00,701,,
803,803,GUARDIAN,KINDERGARTEN,3,ACTIVE,2025-06-08 00:37:16.000000 +00:00,701,,
804,804,GUARDIAN,KINDERGARTEN,3,ACTIVE,2025-07-13 00:03:45.000000 +00:00,701,,
805,805,GUARDIAN,KINDERGARTEN,3,ACTIVE,2025-10-15 10:20:43.000000 +00:00,701,,
806,806,GUARDIAN,KINDERGARTEN,3,ACTIVE,2025-08-13 14:03:41.000000 +00:00,701,,
807,807,GUARDIAN,KINDERGARTEN,3,ACTIVE,2026-03-03 23:22:26.000000 +00:00,701,,
808,808,GUARDIAN,KINDERGARTEN,3,ACTIVE,2025-07-10 21:52:58.000000 +00:00,701,,
809,809,GUARDIAN,KINDERGARTEN,3,ACTIVE,2026-03-16 06:59:22.000000 +00:00,701,,
810,810,GUARDIAN,KINDERGARTEN,3,ACTIVE,2025-10-21 11:44:26.000000 +00:00,701,,
811,811,GUARDIAN,KINDERGARTEN,3,ACTIVE,2025-12-21 21:29:04.000000 +00:00,701,,
812,812,GUARDIAN,KINDERGARTEN,3,ACTIVE,2025-12-08 04:48:05.000000 +00:00,701,,
813,813,GUARDIAN,KINDERGARTEN,3,ACTIVE,2025-03-20 07:11:42.000000 +00:00,701,,
814,814,GUARDIAN,KINDERGARTEN,3,DISABLED,2025-06-26 10:59:36.000000 +00:00,701,2025-12-19 22:52:18.000000 +00:00,701
815,815,GUARDIAN,KINDERGARTEN,3,ACTIVE,2025-12-21 03:25:06.000000 +00:00,701,,
816,816,GUARDIAN,KINDERGARTEN,3,ACTIVE,2026-02-11 00:22:16.000000 +00:00,701,,
817,817,GUARDIAN,KINDERGARTEN,3,ACTIVE,2025-01-01 11:56:21.000000 +00:00,701,,
818,818,GUARDIAN,KINDERGARTEN,3,DISABLED,2026-03-07 16:51:17.000000 +00:00,701,2026-03-07 16:51:17.000000 +00:00,701
819,819,GUARDIAN,KINDERGARTEN,3,ACTIVE,2025-05-26 00:02:33.000000 +00:00,701,,
820,820,GUARDIAN,KINDERGARTEN,3,ACTIVE,2025-12-29 05:43:58.000000 +00:00,701,,
821,821,GUARDIAN,KINDERGARTEN,3,ACTIVE,2025-07-03 06:50:34.000000 +00:00,701,,
822,822,GUARDIAN,KINDERGARTEN,3,ACTIVE,2025-01-28 02:43:16.000000 +00:00,701,,
823,823,GUARDIAN,KINDERGARTEN,3,PENDING,2025-12-07 04:27:50.000000 +00:00,701,2025-12-07 04:27:50.000000 +00:00,701
824,824,GUARDIAN,KINDERGARTEN,3,ACTIVE,2025-05-14 15:00:50.000000 +00:00,701,,
825,825,GUARDIAN,KINDERGARTEN,3,DISABLED,2026-02-10 14:59:05.000000 +00:00,701,2026-02-10 14:59:05.000000 +00:00,701
826,826,GUARDIAN,KINDERGARTEN,3,DISABLED,2026-02-27 04:16:10.000000 +00:00,701,2026-02-27 04:16:10.000000 +00:00,701
827,827,GUARDIAN,KINDERGARTEN,3,DISABLED,2026-02-28 21:54:37.000000 +00:00,701,2026-02-28 21:54:37.000000 +00:00,701
828,828,GUARDIAN,KINDERGARTEN,3,ACTIVE,2025-08-26 19:35:16.000000 +00:00,701,,
829,829,GUARDIAN,KINDERGARTEN,3,PENDING,2026-02-28 04:46:54.000000 +00:00,701,2026-03-09 10:33:33.000000 +00:00,701
830,830,GUARDIAN,KINDERGARTEN,3,ACTIVE,2025-02-26 22:50:05.000000 +00:00,701,,
831,831,GUARDIAN,KINDERGARTEN,3,PENDING,2025-04-25 20:54:38.000000 +00:00,701,2025-04-25 20:54:38.000000 +00:00,701
832,832,GUARDIAN,KINDERGARTEN,3,ACTIVE,2025-10-22 17:27:57.000000 +00:00,701,,
833,833,GUARDIAN,KINDERGARTEN,3,ACTIVE,2025-12-10 09:19:47.000000 +00:00,701,,
834,834,GUARDIAN,KINDERGARTEN,3,ACTIVE,2025-07-29 12:42:35.000000 +00:00,701,,
835,835,GUARDIAN,KINDERGARTEN,3,ACTIVE,2026-01-14 13:16:02.000000 +00:00,701,,
836,836,GUARDIAN,KINDERGARTEN,3,PENDING,2025-09-02 06:03:23.000000 +00:00,701,2025-11-13 20:06:10.000000 +00:00,701
837,837,GUARDIAN,KINDERGARTEN,3,ACTIVE,2025-05-24 18:27:13.000000 +00:00,701,,
838,838,GUARDIAN,KINDERGARTEN,3,ACTIVE,2025-10-19 09:21:52.000000 +00:00,701,,
839,839,GUARDIAN,KINDERGARTEN,3,ACTIVE,2025-09-17 11:18:00.000000 +00:00,701,,
840,840,GUARDIAN,KINDERGARTEN,3,ACTIVE,2025-06-15 13:30:58.000000 +00:00,701,,
841,841,GUARDIAN,KINDERGARTEN,3,PENDING,2025-05-21 05:21:37.000000 +00:00,701,2025-08-19 20:18:50.000000 +00:00,701
842,842,GUARDIAN,KINDERGARTEN,3,ACTIVE,2026-02-11 23:33:33.000000 +00:00,701,,
843,843,GUARDIAN,KINDERGARTEN,3,ACTIVE,2025-10-15 04:01:39.000000 +00:00,701,,
844,844,GUARDIAN,KINDERGARTEN,3,PENDING,2025-01-19 20:19:36.000000 +00:00,701,2025-11-29 16:26:39.000000 +00:00,701
845,845,GUARDIAN,KINDERGARTEN,3,ACTIVE,2025-05-24 23:16:30.000000 +00:00,701,,
846,846,GUARDIAN,KINDERGARTEN,3,DISABLED,2025-12-30 19:33:39.000000 +00:00,701,2025-12-30 19:33:39.000000 +00:00,701
847,847,GUARDIAN,KINDERGARTEN,3,ACTIVE,2025-01-09 11:58:54.000000 +00:00,701,,
848,848,GUARDIAN,KINDERGARTEN,3,ACTIVE,2025-08-30 15:23:05.000000 +00:00,701,,
849,849,GUARDIAN,KINDERGARTEN,3,ACTIVE,2025-01-25 09:08:46.000000 +00:00,701,,
850,850,GUARDIAN,KINDERGARTEN,3,ACTIVE,2025-10-19 02:18:42.000000 +00:00,701,,
851,851,GUARDIAN,KINDERGARTEN,3,DISABLED,2025-05-02 03:28:36.000000 +00:00,701,2025-11-21 17:26:37.000000 +00:00,701
852,852,GUARDIAN,KINDERGARTEN,3,ACTIVE,2025-01-11 10:59:36.000000 +00:00,701,,
853,853,GUARDIAN,KINDERGARTEN,3,ACTIVE,2025-06-27 12:10:17.000000 +00:00,701,,
854,854,GUARDIAN,KINDERGARTEN,3,DISABLED,2025-10-25 07:02:56.000000 +00:00,701,2025-10-25 07:02:56.000000 +00:00,701
855,855,GUARDIAN,KINDERGARTEN,3,ACTIVE,2025-12-25 19:14:09.000000 +00:00,701,,
856,856,GUARDIAN,KINDERGARTEN,3,ACTIVE,2025-12-03 16:24:55.000000 +00:00,701,,
857,857,GUARDIAN,KINDERGARTEN,3,DISABLED,2025-04-18 09:26:26.000000 +00:00,701,2025-05-09 20:56:03.000000 +00:00,701
858,858,GUARDIAN,KINDERGARTEN,3,PENDING,2025-10-25 19:21:53.000000 +00:00,701,2025-10-25 19:21:53.000000 +00:00,701
859,859,GUARDIAN,KINDERGARTEN,3,ACTIVE,2025-04-10 19:34:19.000000 +00:00,701,,
860,860,GUARDIAN,KINDERGARTEN,3,ACTIVE,2025-01-11 01:48:44.000000 +00:00,701,,
861,861,GUARDIAN,KINDERGARTEN,3,ACTIVE,2025-11-30 21:46:02.000000 +00:00,701,,
862,862,GUARDIAN,KINDERGARTEN,3,ACTIVE,2025-03-06 04:16:43.000000 +00:00,701,,
863,863,GUARDIAN,KINDERGARTEN,3,ACTIVE,2026-01-08 09:24:41.000000 +00:00,701,,
864,864,GUARDIAN,KINDERGARTEN,3,PENDING,2025-04-07 22:36:34.000000 +00:00,701,2025-08-31 15:44:41.000000 +00:00,701
865,865,GUARDIAN,KINDERGARTEN,3,ACTIVE,2025-03-17 11:11:32.000000 +00:00,701,,
866,866,GUARDIAN,KINDERGARTEN,3,PENDING,2025-06-08 18:12:35.000000 +00:00,701,2025-12-26 06:26:42.000000 +00:00,701
867,867,GUARDIAN,KINDERGARTEN,3,DISABLED,2025-11-11 18:00:21.000000 +00:00,701,2026-03-06 17:42:57.000000 +00:00,701
868,868,GUARDIAN,KINDERGARTEN,3,ACTIVE,2025-04-28 22:24:19.000000 +00:00,701,,
869,869,GUARDIAN,KINDERGARTEN,3,ACTIVE,2025-05-11 03:51:57.000000 +00:00,701,,
870,870,GUARDIAN,KINDERGARTEN,3,ACTIVE,2025-08-17 22:40:53.000000 +00:00,701,,
871,871,GUARDIAN,KINDERGARTEN,3,ACTIVE,2025-10-06 06:03:17.000000 +00:00,701,,
872,872,GUARDIAN,KINDERGARTEN,3,PENDING,2025-05-03 05:14:07.000000 +00:00,701,2025-11-08 16:09:36.000000 +00:00,701
873,873,GUARDIAN,KINDERGARTEN,3,PENDING,2025-01-21 08:19:36.000000 +00:00,701,2025-01-22 18:41:47.000000 +00:00,701
874,874,GUARDIAN,KINDERGARTEN,3,ACTIVE,2025-09-17 01:14:02.000000 +00:00,701,,
875,875,GUARDIAN,KINDERGARTEN,3,ACTIVE,2025-03-30 21:43:37.000000 +00:00,701,,
876,876,GUARDIAN,KINDERGARTEN,3,ACTIVE,2025-02-08 05:43:22.000000 +00:00,701,,
877,877,GUARDIAN,KINDERGARTEN,3,ACTIVE,2026-01-25 09:19:32.000000 +00:00,701,,
878,878,GUARDIAN,KINDERGARTEN,3,ACTIVE,2025-01-23 23:32:53.000000 +00:00,701,,
879,879,GUARDIAN,KINDERGARTEN,3,ACTIVE,2025-11-08 09:37:47.000000 +00:00,701,,
880,880,GUARDIAN,KINDERGARTEN,3,ACTIVE,2025-10-28 07:02:22.000000 +00:00,701,,
881,881,GUARDIAN,KINDERGARTEN,3,ACTIVE,2025-05-26 03:30:50.000000 +00:00,701,,
882,882,GUARDIAN,KINDERGARTEN,3,ACTIVE,2025-06-29 09:03:15.000000 +00:00,701,,
883,883,GUARDIAN,KINDERGARTEN,3,ACTIVE,2025-09-21 13:01:47.000000 +00:00,701,,
884,884,GUARDIAN,KINDERGARTEN,3,ACTIVE,2025-07-22 14:52:48.000000 +00:00,701,,
885,885,GUARDIAN,KINDERGARTEN,3,ACTIVE,2026-02-12 20:40:15.000000 +00:00,701,,
886,886,GUARDIAN,KINDERGARTEN,3,ACTIVE,2025-04-13 04:53:45.000000 +00:00,701,,
887,887,GUARDIAN,KINDERGARTEN,3,ACTIVE,2025-02-04 14:42:37.000000 +00:00,701,,
888,888,GUARDIAN,KINDERGARTEN,3,ACTIVE,2025-09-04 15:27:00.000000 +00:00,701,,
889,889,GUARDIAN,KINDERGARTEN,3,PENDING,2025-12-14 23:22:15.000000 +00:00,701,2025-12-14 23:22:15.000000 +00:00,701
890,890,GUARDIAN,KINDERGARTEN,3,ACTIVE,2025-04-11 15:44:17.000000 +00:00,701,,
891,891,GUARDIAN,KINDERGARTEN,3,ACTIVE,2025-03-23 05:16:53.000000 +00:00,701,,
892,892,GUARDIAN,KINDERGARTEN,3,ACTIVE,2025-12-23 04:22:36.000000 +00:00,701,,
893,893,GUARDIAN,KINDERGARTEN,3,PENDING,2025-03-07 13:02:08.000000 +00:00,701,2025-04-26 01:08:32.000000 +00:00,701
894,894,GUARDIAN,KINDERGARTEN,3,ACTIVE,2025-02-10 07:24:56.000000 +00:00,701,,
895,895,GUARDIAN,KINDERGARTEN,3,ACTIVE,2025-02-24 05:53:41.000000 +00:00,701,,
896,896,GUARDIAN,KINDERGARTEN,3,ACTIVE,2026-03-12 05:07:36.000000 +00:00,701,,
897,897,GUARDIAN,KINDERGARTEN,3,ACTIVE,2025-06-06 18:38:19.000000 +00:00,701,,
898,898,GUARDIAN,KINDERGARTEN,3,ACTIVE,2025-04-27 16:30:39.000000 +00:00,701,,
899,899,GUARDIAN,KINDERGARTEN,3,DISABLED,2025-11-28 10:06:52.000000 +00:00,701,2025-11-28 10:06:52.000000 +00:00,701
900,900,GUARDIAN,KINDERGARTEN,3,ACTIVE,2025-01-27 05:09:46.000000 +00:00,701,,
901,901,GUARDIAN,KINDERGARTEN,3,PENDING,2025-05-09 04:20:27.000000 +00:00,701,2025-05-16 21:46:21.000000 +00:00,701
902,902,GUARDIAN,KINDERGARTEN,3,ACTIVE,2025-10-16 19:47:17.000000 +00:00,701,,
903,903,GUARDIAN,KINDERGARTEN,3,ACTIVE,2026-01-26 06:36:59.000000 +00:00,701,,
904,904,GUARDIAN,KINDERGARTEN,3,DISABLED,2025-06-06 01:52:57.000000 +00:00,701,2025-09-20 22:05:58.000000 +00:00,701
905,905,GUARDIAN,KINDERGARTEN,3,ACTIVE,2026-03-07 00:49:36.000000 +00:00,701,,
906,906,GUARDIAN,KINDERGARTEN,3,DISABLED,2025-06-19 08:49:08.000000 +00:00,701,2026-03-07 16:00:46.000000 +00:00,701
907,907,GUARDIAN,KINDERGARTEN,3,PENDING,2025-03-27 10:42:42.000000 +00:00,701,2025-06-14 13:54:13.000000 +00:00,701
908,908,GUARDIAN,KINDERGARTEN,3,PENDING,2025-09-16 08:59:16.000000 +00:00,701,2025-09-16 15:54:49.000000 +00:00,701
909,909,GUARDIAN,KINDERGARTEN,3,PENDING,2025-04-17 17:49:34.000000 +00:00,701,2025-04-20 23:21:30.000000 +00:00,701
910,910,GUARDIAN,KINDERGARTEN,3,ACTIVE,2025-07-22 09:35:30.000000 +00:00,701,,
911,911,GUARDIAN,KINDERGARTEN,3,ACTIVE,2025-05-12 21:37:47.000000 +00:00,701,,
912,912,GUARDIAN,KINDERGARTEN,3,ACTIVE,2026-01-13 09:12:47.000000 +00:00,701,,
913,913,GUARDIAN,KINDERGARTEN,3,ACTIVE,2025-08-12 00:59:06.000000 +00:00,701,,
914,914,GUARDIAN,KINDERGARTEN,3,DISABLED,2025-05-03 10:20:14.000000 +00:00,701,2025-05-03 10:20:14.000000 +00:00,701
915,915,GUARDIAN,KINDERGARTEN,3,DISABLED,2026-01-10 18:57:48.000000 +00:00,701,2026-01-10 18:57:48.000000 +00:00,701
916,916,GUARDIAN,KINDERGARTEN,3,ACTIVE,2025-07-09 06:58:39.000000 +00:00,701,,
917,917,GUARDIAN,KINDERGARTEN,3,ACTIVE,2025-09-16 20:03:19.000000 +00:00,701,,
918,918,GUARDIAN,KINDERGARTEN,3,ACTIVE,2025-11-13 21:49:19.000000 +00:00,701,,
919,919,GUARDIAN,KINDERGARTEN,3,ACTIVE,2026-02-09 05:58:42.000000 +00:00,701,,
920,920,GUARDIAN,KINDERGARTEN,3,PENDING,2025-09-24 03:46:19.000000 +00:00,701,2026-03-08 18:10:55.000000 +00:00,701
921,921,GUARDIAN,KINDERGARTEN,3,ACTIVE,2025-08-08 05:55:27.000000 +00:00,701,,
922,922,GUARDIAN,KINDERGARTEN,3,PENDING,2025-12-02 06:46:56.000000 +00:00,701,2026-02-20 12:20:25.000000 +00:00,701
923,923,GUARDIAN,KINDERGARTEN,3,PENDING,2025-12-25 16:59:52.000000 +00:00,701,2025-12-25 16:59:52.000000 +00:00,701
924,924,GUARDIAN,KINDERGARTEN,3,ACTIVE,2025-01-03 20:09:44.000000 +00:00,701,,
925,925,GUARDIAN,KINDERGARTEN,3,ACTIVE,2025-06-22 15:31:15.000000 +00:00,701,,
926,926,GUARDIAN,KINDERGARTEN,3,ACTIVE,2026-01-02 15:02:56.000000 +00:00,701,,
927,927,GUARDIAN,KINDERGARTEN,3,ACTIVE,2025-05-15 15:10:10.000000 +00:00,701,,
928,928,GUARDIAN,KINDERGARTEN,3,ACTIVE,2025-12-07 03:11:47.000000 +00:00,701,,
929,929,GUARDIAN,KINDERGARTEN,3,ACTIVE,2026-01-13 07:17:32.000000 +00:00,701,,
930,930,GUARDIAN,KINDERGARTEN,3,ACTIVE,2025-07-01 18:26:47.000000 +00:00,701,,
931,931,GUARDIAN,KINDERGARTEN,3,PENDING,2025-03-01 14:58:00.000000 +00:00,701,2025-11-21 08:33:39.000000 +00:00,701
932,932,GUARDIAN,KINDERGARTEN,3,ACTIVE,2025-06-25 08:38:39.000000 +00:00,701,,
933,933,GUARDIAN,KINDERGARTEN,3,ACTIVE,2025-04-23 05:50:12.000000 +00:00,701,,
934,934,GUARDIAN,KINDERGARTEN,3,ACTIVE,2025-06-12 12:40:25.000000 +00:00,701,,
935,935,GUARDIAN,KINDERGARTEN,3,PENDING,2025-01-25 03:52:13.000000 +00:00,701,2025-09-30 21:11:04.000000 +00:00,701
936,936,GUARDIAN,KINDERGARTEN,3,PENDING,2025-06-21 10:51:05.000000 +00:00,701,2025-06-21 10:51:05.000000 +00:00,701
937,937,GUARDIAN,KINDERGARTEN,3,PENDING,2025-09-26 20:02:46.000000 +00:00,701,2026-01-10 18:15:04.000000 +00:00,701
938,938,GUARDIAN,KINDERGARTEN,3,ACTIVE,2025-01-16 00:33:19.000000 +00:00,701,,
939,939,GUARDIAN,KINDERGARTEN,3,ACTIVE,2025-03-28 10:59:25.000000 +00:00,701,,
940,940,GUARDIAN,KINDERGARTEN,3,ACTIVE,2025-12-01 06:33:59.000000 +00:00,701,,
941,941,GUARDIAN,KINDERGARTEN,3,ACTIVE,2025-03-17 15:05:24.000000 +00:00,701,,
942,942,GUARDIAN,KINDERGARTEN,3,ACTIVE,2025-07-29 13:14:15.000000 +00:00,701,,
943,943,GUARDIAN,KINDERGARTEN,3,PENDING,2025-07-06 20:28:36.000000 +00:00,701,2025-07-14 15:52:07.000000 +00:00,701
944,944,GUARDIAN,KINDERGARTEN,3,ACTIVE,2025-08-01 21:20:50.000000 +00:00,701,,
945,945,GUARDIAN,KINDERGARTEN,3,ACTIVE,2025-11-10 01:35:32.000000 +00:00,701,,
946,946,GUARDIAN,KINDERGARTEN,3,ACTIVE,2025-07-28 13:02:33.000000 +00:00,701,,
947,947,GUARDIAN,KINDERGARTEN,3,DISABLED,2026-01-02 05:26:22.000000 +00:00,701,2026-01-02 05:26:22.000000 +00:00,701
948,948,GUARDIAN,KINDERGARTEN,3,ACTIVE,2026-02-10 03:01:45.000000 +00:00,701,,
949,949,GUARDIAN,KINDERGARTEN,3,ACTIVE,2025-04-10 16:04:53.000000 +00:00,701,,
950,950,GUARDIAN,KINDERGARTEN,3,ACTIVE,2025-04-25 17:29:26.000000 +00:00,701,,
951,951,GUARDIAN,KINDERGARTEN,3,ACTIVE,2025-10-04 06:13:56.000000 +00:00,701,,
952,952,GUARDIAN,KINDERGARTEN,3,ACTIVE,2025-06-04 12:08:45.000000 +00:00,701,,
953,953,GUARDIAN,KINDERGARTEN,3,ACTIVE,2026-03-20 01:05:43.000000 +00:00,701,,
954,954,GUARDIAN,KINDERGARTEN,3,ACTIVE,2025-10-22 01:53:38.000000 +00:00,701,,
955,955,GUARDIAN,KINDERGARTEN,3,ACTIVE,2026-03-15 03:04:02.000000 +00:00,701,,
956,956,GUARDIAN,KINDERGARTEN,3,PENDING,2025-03-31 12:39:08.000000 +00:00,701,2025-07-21 13:44:37.000000 +00:00,701
957,957,GUARDIAN,KINDERGARTEN,3,ACTIVE,2025-04-29 05:33:38.000000 +00:00,701,,
958,958,GUARDIAN,KINDERGARTEN,3,ACTIVE,2025-09-27 00:45:43.000000 +00:00,701,,
959,959,GUARDIAN,KINDERGARTEN,3,ACTIVE,2025-10-03 19:17:07.000000 +00:00,701,,
960,960,GUARDIAN,KINDERGARTEN,3,ACTIVE,2025-11-22 04:42:21.000000 +00:00,701,,
961,961,GUARDIAN,KINDERGARTEN,3,ACTIVE,2025-11-22 15:48:39.000000 +00:00,701,,
962,962,GUARDIAN,KINDERGARTEN,3,ACTIVE,2025-01-26 12:45:34.000000 +00:00,701,,
963,963,GUARDIAN,KINDERGARTEN,3,PENDING,2025-05-09 00:58:48.000000 +00:00,701,2025-05-09 00:58:48.000000 +00:00,701
964,964,GUARDIAN,KINDERGARTEN,3,ACTIVE,2025-11-05 22:28:02.000000 +00:00,701,,
965,965,GUARDIAN,KINDERGARTEN,3,ACTIVE,2025-08-05 19:19:13.000000 +00:00,701,,
966,966,GUARDIAN,KINDERGARTEN,3,PENDING,2025-06-07 22:49:56.000000 +00:00,701,2025-10-02 03:28:28.000000 +00:00,701
967,967,GUARDIAN,KINDERGARTEN,3,ACTIVE,2025-06-20 04:13:20.000000 +00:00,701,,
968,968,GUARDIAN,KINDERGARTEN,3,DISABLED,2025-04-21 14:59:59.000000 +00:00,701,2025-10-02 18:47:25.000000 +00:00,701
969,969,GUARDIAN,KINDERGARTEN,3,DISABLED,2025-04-13 08:17:26.000000 +00:00,701,2025-04-13 08:17:26.000000 +00:00,701
970,970,GUARDIAN,KINDERGARTEN,3,ACTIVE,2025-07-30 09:24:20.000000 +00:00,701,,
971,971,GUARDIAN,KINDERGARTEN,3,ACTIVE,2025-07-15 21:28:33.000000 +00:00,701,,
972,972,GUARDIAN,KINDERGARTEN,3,ACTIVE,2025-04-14 13:04:12.000000 +00:00,701,,
973,973,GUARDIAN,KINDERGARTEN,3,ACTIVE,2025-08-22 15:56:03.000000 +00:00,701,,
974,974,GUARDIAN,KINDERGARTEN,3,ACTIVE,2025-06-08 10:50:13.000000 +00:00,701,,
975,975,GUARDIAN,KINDERGARTEN,3,PENDING,2025-10-16 14:12:10.000000 +00:00,701,2026-03-20 04:41:00.000000 +00:00,701
976,976,GUARDIAN,KINDERGARTEN,3,ACTIVE,2026-03-15 10:37:08.000000 +00:00,701,,
977,977,GUARDIAN,KINDERGARTEN,3,ACTIVE,2025-12-31 12:15:00.000000 +00:00,701,,
978,978,GUARDIAN,KINDERGARTEN,3,ACTIVE,2025-05-18 14:20:34.000000 +00:00,701,,
979,979,GUARDIAN,KINDERGARTEN,3,ACTIVE,2025-05-01 06:37:40.000000 +00:00,701,,
980,980,GUARDIAN,KINDERGARTEN,3,ACTIVE,2026-01-08 22:25:56.000000 +00:00,701,,
981,981,GUARDIAN,KINDERGARTEN,3,ACTIVE,2025-12-29 07:16:13.000000 +00:00,701,,
982,982,GUARDIAN,KINDERGARTEN,3,ACTIVE,2025-06-01 18:43:35.000000 +00:00,701,,
983,983,GUARDIAN,KINDERGARTEN,3,ACTIVE,2025-05-28 23:12:27.000000 +00:00,701,,
984,984,GUARDIAN,KINDERGARTEN,3,ACTIVE,2026-01-22 21:32:54.000000 +00:00,701,,
985,985,GUARDIAN,KINDERGARTEN,3,ACTIVE,2025-12-24 01:02:57.000000 +00:00,701,,
986,986,GUARDIAN,KINDERGARTEN,3,PENDING,2025-04-27 13:54:46.000000 +00:00,701,2025-10-01 17:41:14.000000 +00:00,701
987,987,GUARDIAN,KINDERGARTEN,3,ACTIVE,2026-01-04 09:41:20.000000 +00:00,701,,
988,988,GUARDIAN,KINDERGARTEN,3,ACTIVE,2025-12-05 08:29:38.000000 +00:00,701,,
989,989,GUARDIAN,KINDERGARTEN,3,ACTIVE,2025-04-18 19:36:25.000000 +00:00,701,,
990,990,GUARDIAN,KINDERGARTEN,3,PENDING,2025-05-21 11:05:08.000000 +00:00,701,2026-02-02 03:29:42.000000 +00:00,701
991,991,GUARDIAN,KINDERGARTEN,3,ACTIVE,2026-03-29 07:30:22.000000 +00:00,701,,
992,992,GUARDIAN,KINDERGARTEN,3,ACTIVE,2025-06-05 15:11:23.000000 +00:00,701,,
993,993,GUARDIAN,KINDERGARTEN,3,ACTIVE,2025-05-06 07:41:41.000000 +00:00,701,,
994,994,GUARDIAN,KINDERGARTEN,3,PENDING,2026-01-30 14:53:53.000000 +00:00,701,2026-01-30 14:53:53.000000 +00:00,701
995,995,GUARDIAN,KINDERGARTEN,3,DISABLED,2025-09-20 20:03:50.000000 +00:00,701,2025-09-20 20:03:50.000000 +00:00,701
996,996,GUARDIAN,KINDERGARTEN,3,ACTIVE,2025-04-13 01:24:52.000000 +00:00,701,,
997,997,GUARDIAN,KINDERGARTEN,3,ACTIVE,2025-05-18 07:15:01.000000 +00:00,701,,
998,998,GUARDIAN,KINDERGARTEN,3,ACTIVE,2025-08-18 17:15:59.000000 +00:00,701,,
999,999,GUARDIAN,KINDERGARTEN,3,ACTIVE,2026-02-23 11:10:51.000000 +00:00,701,,
1000,1000,TEACHER,KINDERGARTEN,3,ACTIVE,2025-06-18 04:56:45.000000 +00:00,701,,
